added_date,address,blockchain,cex_name,label,region
2023/11/24,0x0da044b16bb53ab6d6691e25b1ec7ad380fa5fa7,ethereum,AltCoinTrader,AltCoinTrader Binance Deposit 1,Africa and Middle East
2024/6/3,0x1bc972db7b169c2d79719485803af1a23645108d,ethereum,AltCoinTrader,AltCoinTrader 3,Africa and Middle East
2023/11/24,0x2cf4e5b4fa8afa15f8dc7b5ada853e42776f3455,ethereum,AltCoinTrader,AltCoinTrader Celsius Network Deposit 1,Africa and Middle East
2023/11/24,0x87b7ba194ed714a871c91f6b9ba8dc8182ed3a5d,ethereum,AltCoinTrader,AltCoinTrader Cold 1,Africa and Middle East
2024/6/3,0xa1495f85d30acab5126f5c1920cd9cb1ce265263,ethereum,AltCoinTrader,AltCoinTrader 4,Africa and Middle East
2024/6/3,0xa2fe6ec4244ee94853326f70893ce5ee20aa4ffb,ethereum,AltCoinTrader,AltCoinTrader 6,Africa and Middle East
2024/6/3,0xb56f9e1aecb821413c9f14822d3918a363d83226,ethereum,AltCoinTrader,AltCoinTrader 7,Africa and Middle East
2023/11/24,0xc58bb74606b73c5043b75d7aa25ebe1d5d4e7c72,ethereum,AltCoinTrader,AltCoinTrader 1,Africa and Middle East
2024/6/3,0xe1336fa8165bc4dbadc7fb95718a3c9dcae23fdc,ethereum,AltCoinTrader,AltCoinTrader 5,Africa and Middle East
2023/11/24,0xff2e0c46c7673ccd00cb5b59dc1686229a483fc8,ethereum,AltCoinTrader,AltCoinTrader 2,Africa and Middle East
2023/4/6,0x94597850916a49b3b152ee374e97260b99249f5b,ethereum,Artis Turba Exchange,Artis Turba Exchange 2,Africa and Middle East
2023/4/6,0xf0c80fb9fb22bef8269cb6feb9a51130288a671f,ethereum,Artis Turba Exchange,Artis Turba Exchange 1,Africa and Middle East
2023/4/6,0x82a403c14483931b2ff6e4440c8373ccfee698b8,ethereum,ArzPaya.com,ArzPaya.com 1,Africa and Middle East
2022/8/28,0x7c49e1c0e33f3efb57d64b7690fa287c8d15b90a,ethereum,Bit2C,Bit2C 1,Africa and Middle East
2025/5/4,0x038b56cf38fa881387dc39fbff01a4ec4a838578,ethereum,Luno,Luno Proxy (EIP-1167 Minimal),Africa and Middle East
2023/11/22,0x05cdb1526f6e224e02919a4c018d9784ea25eb3d,ethereum,Luno,Luno 3,Africa and Middle East
2025/4/28,0x2e05a304d3040f1399c8c20d2a9f659ae7521058,ethereum,Luno,Luno Deployer 1,Africa and Middle East
2024/1/10,0x3a5cc8689d1b0cef2c317bc5c0ad6ce88b27d597,ethereum,Luno,Luno 4,Africa and Middle East
2022/8/28,0x416299aade6443e6f6e8ab67126e65a7f606eef5,ethereum,Luno,Luno 2,Africa and Middle East
2025/6/15,0x522321e8a38cd8c6f2509595cc81aae686c55f84,ethereum,Luno,Luno 6,Africa and Middle East
2025/6/15,0x5718cb03b3df8ea509166c469f4eed9fdc44d3ea,ethereum,Luno,Luno 8,Africa and Middle East
2025/6/15,0x802ea31c421ec79e8190cb68b699af3e3bc625fe,ethereum,Luno,Luno 5,Africa and Middle East
2022/8/28,0xaf1931c20ee0c11bea17a41bfbbad299b2763bc0,ethereum,Luno,Luno 1,Africa and Middle East
2025/4/28,0xb02c6c40a798184d5e012fbb1dc698977671f8fc,ethereum,Luno,Luno Deployer 2,Africa and Middle East
2025/6/15,0xd58d3399df3ce4bc1904d8b8f8e3c8414c83db57,ethereum,Luno,Luno 7,Africa and Middle East
2024/1/4,0x09672f26cc257f7b216710864c98ab1841453e4a,ethereum,Nobitex,Nobitex 7,Africa and Middle East
2025/6/14,0x09bee1770db7924e960ef05ff2330b3b17de2455,ethereum,Nobitex,Nobitex 22,Africa and Middle East
2025/6/14,0x2264783b2ae3cadee4e8a76b8e60dc4af1b1f82b,ethereum,Nobitex,Nobitex 8,Africa and Middle East
2024/1/4,0x598c60bb7e929f02008a098461fd2faec3f74771,ethereum,Nobitex,Nobitex 6,Africa and Middle East
2023/11/23,0x641fb555527b9108a1f58ea24e0c04ff86c4ed0d,ethereum,Nobitex,Nobitex Withdrawals 1,Africa and Middle East
2025/4/28,0x6bd1a64227866ac25b7f9c918b3dc32d2a9cfa19,ethereum,Nobitex,Nobitex Deployer 1,Africa and Middle East
2023/11/23,0x7eb6a79587dfd5da426dff27ff11da1f09c90a2b,ethereum,Nobitex,Nobitex 2,Africa and Middle East
2023/11/23,0x8d56f551b44a6da6072a9608d63d664ce67681a5,ethereum,Nobitex,Nobitex 1,Africa and Middle East
2025/6/14,0x90f1f3247930ea8eeb466f04c51d7166a96c8b4a,ethereum,Nobitex,Nobitex 18,Africa and Middle East
2025/6/14,0xa39f5a035c0753d313fb0970e0ce1f45586198c5,ethereum,Nobitex,Nobitex 21,Africa and Middle East
2025/6/25,0xc4cbab6f25aacd8cadc432abb91b85698bf9b43e,ethereum,Nobitex,Nobitex 23,Africa and Middle East
2023/11/23,0xd16e4cdb153b2dcc617061174223a6d4bfae53f5,ethereum,Nobitex,Nobitex 3,Africa and Middle East
2024/1/4,0xd5bcf75c0573b14818c42f0118067be859131ace,ethereum,Nobitex,Nobitex 5,Africa and Middle East
2025/6/25,0xed55d1b71b6bfa952ddbc4f24375c91652878560,ethereum,Nobitex,Nobitex 24,Africa and Middle East
2023/11/23,0xf639d88a89384a4d97f2ba9159567ddb3890ea07,ethereum,Nobitex,Nobitex 4,Africa and Middle East
2024/5/27,0x265c27c849b0e1a62636f6007e8a74dc2a2584aa,ethereum,Bitbank,Bitbank 6,Asia and Pacific
2023/9/12,0x3727cfcbd85390bb11b3ff421878123adb866be8,ethereum,Bitbank,Bitbank 2,Asia and Pacific
2023/9/12,0x620a3e5cddd2748e111a11810757f419d10b1aac,ethereum,Bitbank,Bitbank 1,Asia and Pacific
2025/4/28,0xbe49bd130e126a917ddb5fabf7cdeb6dd9887f40,ethereum,Bitbank,Bitbank Deployer 1,Asia and Pacific
2023/9/12,0xdbfc4549b325b6f00013a3861b87aab6696fdbee,ethereum,Bitbank,Bitbank 4,Asia and Pacific
2023/9/12,0xeb6c4be4b92a52e969f4bf405025d997703d5383,ethereum,Bitbank,Bitbank 3,Asia and Pacific
2025/8/1,0xef98b3ea352aac32d97ebd205519c070ea1c6492,ethereum,Bitbank,Bitbank 7,Asia and Pacific
2023/9/12,0xf9225f3288f6cb0d0f80a5561e73102565e8bd8c,ethereum,Bitbank,Bitbank 5,Asia and Pacific
2023/11/16,0x0016c0d0343e8f2c3a7b6a51606b84b1545ec606,ethereum,Bithumb,Bithumb 13,Asia and Pacific
2025/6/16,0x0052e0d92ea52580155e83b97ea57f7d093a192b,ethereum,Bithumb,Bithumb 94,Asia and Pacific
2025/6/16,0x00f7cb1c6fea00c864392ad9d9c3e06fb175c2a7,ethereum,Bithumb,Bithumb 106,Asia and Pacific
2025/6/25,0x0100b755fdfca195c3ac29fbdb567d92b952456d,ethereum,Bithumb,Bithumb 372,Asia and Pacific
2025/6/17,0x0116e0f4e82e65b219ba2b53a622847af97ddcb7,ethereum,Bithumb,Bithumb 239,Asia and Pacific
2025/6/16,0x014dcec5d0a124ed7de2ca305cd7157502806c93,ethereum,Bithumb,Bithumb 38,Asia and Pacific
2025/6/16,0x01cc0c6c6c57707f89ab0c9a0c22139c501ffba5,ethereum,Bithumb,Bithumb 64,Asia and Pacific
2025/6/15,0x025bc0c05c939bce0f738856e50f6ec07e9d1d49,ethereum,Bithumb,Bithumb 33,Asia and Pacific
2025/6/17,0x025e7b3e7a24fc52d42d3de6b1e5eef0b656bcbd,ethereum,Bithumb,Bithumb 342,Asia and Pacific
2025/6/16,0x02b95511fd25c71a5bf6ceae9a1b60167bf89e92,ethereum,Bithumb,Bithumb 172,Asia and Pacific
2023/8/31,0x03599a2429871e6be1b154fb9c24691f9d301865,ethereum,Bithumb,Bithumb Gas Supplier 1,Asia and Pacific
2025/6/17,0x0402410477a03f05124dc1f82c75c8ec0ba9814f,ethereum,Bithumb,Bithumb 249,Asia and Pacific
2025/6/16,0x0569439cebec7199149be90e2148ea1a9e898be8,ethereum,Bithumb,Bithumb 179,Asia and Pacific
2025/6/16,0x05d3c095a58b0327f9c0ba8889a1e05432de6081,ethereum,Bithumb,Bithumb 115,Asia and Pacific
2025/6/16,0x06b93279249ec9c4e3d36f6e38d74a2744e618af,ethereum,Bithumb,Bithumb 93,Asia and Pacific
2025/6/17,0x06e11d8ef805f23c92e3ff02f061600139b2a5ea,ethereum,Bithumb,Bithumb 289,Asia and Pacific
2025/6/17,0x0781dcbe84e92a321a95fa539f00efbd2358353d,ethereum,Bithumb,Bithumb 234,Asia and Pacific
2025/6/25,0x07a98956df1b3a555f8f8408e280d6342451daaa,ethereum,Bithumb,Bithumb 368,Asia and Pacific
2025/6/25,0x07c0788c6056b84ca27452108ada8ed4c54ba705,ethereum,Bithumb,Bithumb 499,Asia and Pacific
2025/6/25,0x08b3b045da47c82585ae80fba9e4cab45e452354,ethereum,Bithumb,Bithumb 498,Asia and Pacific
2025/6/16,0x08f14cfcc8f0b67bfac70d3f93623775577e0909,ethereum,Bithumb,Bithumb 50,Asia and Pacific
2025/6/25,0x0a6347c319a00762eb69e438dc6256b1d2c60556,ethereum,Bithumb,Bithumb 407,Asia and Pacific
2025/6/25,0x0adc257ef08d46ea4534e7912188ac0f515880c8,ethereum,Bithumb,Bithumb 396,Asia and Pacific
2025/6/25,0x0bbdc1bf83cf32cd19ca56fba7adc327c2c51e5d,ethereum,Bithumb,Bithumb 444,Asia and Pacific
2025/6/16,0x0bd4475fbc4309f27a49b323625126ffefd70029,ethereum,Bithumb,Bithumb 138,Asia and Pacific
2025/6/17,0x0c03c24aea723972c0717d47ac1bc6c2fdde79dc,ethereum,Bithumb,Bithumb 317,Asia and Pacific
2025/6/16,0x0c4ed2551f687d785866ebe7ed73bc2f4dd7c88e,ethereum,Bithumb,Bithumb 194,Asia and Pacific
2025/6/25,0x0e376350f2af39bdccbea79afbc81d3bcff04f29,ethereum,Bithumb,Bithumb 487,Asia and Pacific
2025/6/17,0x0eec9ba7a7b670509d883625065452e7bf3d08b1,ethereum,Bithumb,Bithumb 296,Asia and Pacific
2025/6/17,0x0f0a727298dc31ede3ebbdd8973d6c46f7b6a1d8,ethereum,Bithumb,Bithumb 305,Asia and Pacific
2023/11/16,0x0f863d0bbc760d7ef8d47c43639c13fc4b0f2e04,ethereum,Bithumb,Bithumb 14,Asia and Pacific
2025/6/17,0x10463e7fcff26639920e965e1c5c1a6ce0201faa,ethereum,Bithumb,Bithumb 285,Asia and Pacific
2025/6/25,0x106c41d1c1965189a85a13d34dbdbaff70834db5,ethereum,Bithumb,Bithumb 507,Asia and Pacific
2025/6/17,0x123bc014d05509959e2bd78500c6ecd888874854,ethereum,Bithumb,Bithumb 281,Asia and Pacific
2025/6/16,0x128519584bec3b6b0c63dfa3975c9a7eb6fea5e4,ethereum,Bithumb,Bithumb 152,Asia and Pacific
2025/6/17,0x12ec8a04124fa099448babab2f5346253740ba75,ethereum,Bithumb,Bithumb 272,Asia and Pacific
2025/6/16,0x1350584e538781fafd7850f9f95a5a15eb300653,ethereum,Bithumb,Bithumb 73,Asia and Pacific
2025/6/17,0x13b1f674fe68ad43a3fb8c6d9605799f2c2fafd6,ethereum,Bithumb,Bithumb 299,Asia and Pacific
2025/6/16,0x1437036c9e6f7e9e26901e6bf8916c8cbd63f04d,ethereum,Bithumb,Bithumb 163,Asia and Pacific
2025/6/16,0x143bba444c1384c1784a8cb00e924aca1a1f4637,ethereum,Bithumb,Bithumb 100,Asia and Pacific
2025/6/25,0x158330bdbe0b2f5e269cecee2d9c9d4b337d5497,ethereum,Bithumb,Bithumb 409,Asia and Pacific
2022/8/28,0x15878e87c685f866edfaf454be6dc06fa517b35b,ethereum,Bithumb,Bithumb 7,Asia and Pacific
2025/6/17,0x164dd100ff7f16b1e9ecbd027bf3a78bbcb92d18,ethereum,Bithumb,Bithumb 293,Asia and Pacific
2025/6/17,0x16e97c8eca30d8f20d7c491c437aeecba78df9b4,ethereum,Bithumb,Bithumb 275,Asia and Pacific
2025/6/16,0x16eb215495fd695b595b2416433d7df1c4da04ec,ethereum,Bithumb,Bithumb 161,Asia and Pacific
2025/6/16,0x176906f0bee543e5ef287436827d04be134fc722,ethereum,Bithumb,Bithumb 117,Asia and Pacific
2025/6/25,0x178999825299b432fd57b984f52eb027cd08f7f4,ethereum,Bithumb,Bithumb 493,Asia and Pacific
2025/6/16,0x17a242944ff9a4aff9a24abad4b038019d65d118,ethereum,Bithumb,Bithumb 36,Asia and Pacific
2025/6/17,0x17a55c64a515a4a299a5124d9eb70367b974dfb3,ethereum,Bithumb,Bithumb 254,Asia and Pacific
2025/6/25,0x17e5545b11b468072283cee1f066a059fb0dbf24,ethereum,Bithumb,Bithumb 351,Asia and Pacific
2025/6/25,0x182b2ad652b11cf6bd03110bfe77d4dc2580285a,ethereum,Bithumb,Bithumb 495,Asia and Pacific
2025/6/25,0x1861ecedd4d4e26d198695fa80949f585b955fc3,ethereum,Bithumb,Bithumb 394,Asia and Pacific
2025/6/25,0x18623b12230e0b11b6cced686f59762ba052c5dc,ethereum,Bithumb,Bithumb 370,Asia and Pacific
2022/8/28,0x186549a4ae594fc1f70ba4cffdac714b405be3f9,ethereum,Bithumb,Bithumb 10,Asia and Pacific
2025/6/25,0x1a94e5bfed5d301cf70449f78bf43150934b0eb3,ethereum,Bithumb,Bithumb 389,Asia and Pacific
2025/6/25,0x1aabda2551c0b062f61ed57f103e0385ec051065,ethereum,Bithumb,Bithumb 440,Asia and Pacific
2025/6/17,0x1ab8e89ae8df5a3e9a1b681b5a655aa638b1607c,ethereum,Bithumb,Bithumb 307,Asia and Pacific
2025/6/25,0x1b1318c3ec104799de21e4ce2284c3de52a1e452,ethereum,Bithumb,Bithumb 439,Asia and Pacific
2025/6/17,0x1b289df891929f7a9a5d69b5fe1250501dfef435,ethereum,Bithumb,Bithumb 252,Asia and Pacific
2025/6/25,0x1c81d769f4ec2e2f73470e10de4aea55940a32a8,ethereum,Bithumb,Bithumb 485,Asia and Pacific
2025/6/17,0x1ded2b871df60c8c369250f4fe5c77797c63d25c,ethereum,Bithumb,Bithumb 331,Asia and Pacific
2025/6/17,0x1e72e2a0665cd5db0b59397d242633b6e9834506,ethereum,Bithumb,Bithumb 238,Asia and Pacific
2025/6/25,0x1e9472c79fdc80901bbec9f38828a680eeecf476,ethereum,Bithumb,Bithumb 443,Asia and Pacific
2025/6/16,0x1eb1c3e0f81afab04d60c0acc9dfac2af550d410,ethereum,Bithumb,Bithumb 139,Asia and Pacific
2025/6/16,0x1f0a1d28766ded60ed16fde480e7abe68eb678c8,ethereum,Bithumb,Bithumb 120,Asia and Pacific
2025/6/16,0x1f8bb0933147a92f6526e8e27d10b99dfa869280,ethereum,Bithumb,Bithumb 95,Asia and Pacific
2025/6/16,0x20c9ca0edc13f4e28a469ca7fb7b1f76da058b0a,ethereum,Bithumb,Bithumb 134,Asia and Pacific
2022/8/28,0x2140efd7ba31169c69dfff6cdc66c542f0211825,ethereum,Bithumb,Bithumb 3,Asia and Pacific
2025/6/16,0x2220e4cf9259b593fd9df160058c2af3454245e1,ethereum,Bithumb,Bithumb 176,Asia and Pacific
2025/6/16,0x2226f424ff9e018a126e40d4e390da6f6c69742c,ethereum,Bithumb,Bithumb 105,Asia and Pacific
2025/6/25,0x223683a91ac37d1298e404640c83c964258422dd,ethereum,Bithumb,Bithumb 420,Asia and Pacific
2023/11/23,0x22b84d5ffea8b801c0422afe752377a64aa738c2,ethereum,Bithumb,Bithumb 19,Asia and Pacific
2025/6/16,0x23731b08a78c9b3579bdd3ddf39e1a73462ee1b1,ethereum,Bithumb,Bithumb 133,Asia and Pacific
2025/6/17,0x23c49601e5ed926919b9273a13dffa81979d617a,ethereum,Bithumb,Bithumb 278,Asia and Pacific
2025/6/25,0x2408d12d288865c58f160a15b491aa5b64643f95,ethereum,Bithumb,Bithumb 405,Asia and Pacific
2025/6/17,0x24434ebf296c2f9cd59b14412aae5c4ca1d5aad2,ethereum,Bithumb,Bithumb 315,Asia and Pacific
2025/6/16,0x251c0de47b181f392698a5e0390eff3c9686bb30,ethereum,Bithumb,Bithumb 186,Asia and Pacific
2025/6/17,0x2546564d2a6edc20ec307ea8d74b166ef91f79af,ethereum,Bithumb,Bithumb 228,Asia and Pacific
2025/6/17,0x25eab4edb9746a1c52ecae71bbd5205556227958,ethereum,Bithumb,Bithumb 231,Asia and Pacific
2025/6/25,0x266c0a91c23b8d1e65540f7dce8f2a4941c129db,ethereum,Bithumb,Bithumb 471,Asia and Pacific
2023/11/16,0x26bc3d0bb634e242359849fe257a4cf76444d504,ethereum,Bithumb,Bithumb 15,Asia and Pacific
2025/6/25,0x26f7f51a4dd03cd989dbcab4ffc8d56b1f96cc51,ethereum,Bithumb,Bithumb 466,Asia and Pacific
2025/6/25,0x28395f207ca3a0934324f63e5b731b9f785feba0,ethereum,Bithumb,Bithumb 479,Asia and Pacific
2025/6/17,0x2853fe9619597bc4e3a589ef797d0f09d45c1f16,ethereum,Bithumb,Bithumb 276,Asia and Pacific
2025/6/17,0x289c7c531436d48383b2e8344e8b1f093a378e13,ethereum,Bithumb,Bithumb 286,Asia and Pacific
2025/6/16,0x28c0bb0b86b541df7aa0a1505622fe8eb3c3a604,ethereum,Bithumb,Bithumb 83,Asia and Pacific
2025/6/17,0x28cea80c34396d0c4f3e1a3c5cbda49a6c3afa90,ethereum,Bithumb,Bithumb 233,Asia and Pacific
2025/6/25,0x28d3220ebd66ac526f6e72a3412f29a7eed753b0,ethereum,Bithumb,Bithumb 373,Asia and Pacific
2025/6/25,0x290158cf3a4974e5de4b9fb765531750c89f005e,ethereum,Bithumb,Bithumb 390,Asia and Pacific
2025/6/17,0x2943e66ea4b10c5cfaaa1eb2c32910a74dfd4491,ethereum,Bithumb,Bithumb 229,Asia and Pacific
2025/6/16,0x29b3f20da51d077780fe49082ec916bcd54b652a,ethereum,Bithumb,Bithumb 123,Asia and Pacific
2025/6/16,0x2a0ddd8bb7595580344ed609b0293ba7944ff9e7,ethereum,Bithumb,Bithumb 63,Asia and Pacific
2025/6/16,0x2a0fc49edd83181e548454ce659152c68af95ea7,ethereum,Bithumb,Bithumb 58,Asia and Pacific
2025/6/16,0x2b66b43a6e31e9828536a9d1baa5fe0fac59e023,ethereum,Bithumb,Bithumb 150,Asia and Pacific
2025/6/25,0x2ba094d1a26d39edfb404d5c55801a845f385fdd,ethereum,Bithumb,Bithumb 385,Asia and Pacific
2025/6/25,0x2c2ffc440f1414bfac7b75068600db9179faf6bc,ethereum,Bithumb,Bithumb 469,Asia and Pacific
2025/6/17,0x2c83a61b6450040c60c5b640d0c05f9effa77d4f,ethereum,Bithumb,Bithumb 251,Asia and Pacific
2025/6/17,0x2cde81f6662935b77f91e5aaa5f4606344bf755b,ethereum,Bithumb,Bithumb 230,Asia and Pacific
2025/6/17,0x2cf451e6856d9b8f04ff57b9100da5ae4923a6ce,ethereum,Bithumb,Bithumb 269,Asia and Pacific
2025/6/17,0x2d942b84e52cdd67714779db54ef05970ddfa1bb,ethereum,Bithumb,Bithumb 322,Asia and Pacific
2025/6/25,0x2ec0376324bb135cb146db25b54b03b93f75bdad,ethereum,Bithumb,Bithumb 474,Asia and Pacific
2025/6/17,0x2ed6e641fe3b510571ba5ab42a646ac54ae073db,ethereum,Bithumb,Bithumb 343,Asia and Pacific
2023/11/23,0x2f41ea745c67724fdc65ff909318edeb73cfd6e7,ethereum,Bithumb,Bithumb 22,Asia and Pacific
2025/6/25,0x2fc6961b83192cf237dc6f6bdb387ab3134bcc5e,ethereum,Bithumb,Bithumb 451,Asia and Pacific
2023/11/16,0x2fffb384d9bfb5f824958503b60d0d5962b080ce,ethereum,Bithumb,Bithumb 17,Asia and Pacific
2022/8/28,0x3052cd6bf951449a984fe4b5a38b46aef9455c8e,ethereum,Bithumb,Bithumb 2,Asia and Pacific
2025/6/16,0x310983cc148696430326180c6b6e6b98e5e5958a,ethereum,Bithumb,Bithumb 199,Asia and Pacific
2025/6/16,0x311bb43fff9db87332c3b1b2f5695ce1e19d1300,ethereum,Bithumb,Bithumb 153,Asia and Pacific
2024/6/3,0x3154f72f0a0b9023f1c18505c2b73f9cd1990cae,ethereum,Bithumb,Bithumb Deployer 1,Asia and Pacific
2025/6/16,0x316378331e4e209f684d5feaab5a2412cdfe9206,ethereum,Bithumb,Bithumb 197,Asia and Pacific
2022/8/28,0x31d03f07178bcd74f9099afebd23b0ae30184ab5,ethereum,Bithumb,Bithumb 8,Asia and Pacific
2025/6/25,0x322bf705ebebcdf1fc79ce59e07954e339b0152c,ethereum,Bithumb,Bithumb 382,Asia and Pacific
2025/6/25,0x329229323ed29b524bafca68103a4910b6562306,ethereum,Bithumb,Bithumb 484,Asia and Pacific
2025/6/17,0x32aaee6c7b416b46804b0f07b8225d87c768b581,ethereum,Bithumb,Bithumb 257,Asia and Pacific
2025/6/16,0x32e761e51ec7e9a18fb9a30f349f402e0fb6c3d1,ethereum,Bithumb,Bithumb 144,Asia and Pacific
2025/6/16,0x33a96bbc30381bd4e2ef802a6db278a266b04266,ethereum,Bithumb,Bithumb 44,Asia and Pacific
2025/6/25,0x3513779d69ee4d1c063a229563c1063172cd47f8,ethereum,Bithumb,Bithumb 430,Asia and Pacific
2025/6/25,0x352cb43e1ad312c8ecef7d1756ddec7f11aefaa3,ethereum,Bithumb,Bithumb 462,Asia and Pacific
2025/6/16,0x36014fbe13fed6dbb2e24b85c0c2fa9d6b7863a4,ethereum,Bithumb,Bithumb 141,Asia and Pacific
2025/6/16,0x37bce0e4f4d36b77b890581b88fd867a472d059e,ethereum,Bithumb,Bithumb 81,Asia and Pacific
2025/6/17,0x3917ee024e689264c6617c6dad3f04402f687309,ethereum,Bithumb,Bithumb 321,Asia and Pacific
2025/6/17,0x39244f3f90b2f67bf2f94d15ae071e128615679d,ethereum,Bithumb,Bithumb 306,Asia and Pacific
2025/6/16,0x3a3494439f71e6968d4f517ef7ad08204c56eab2,ethereum,Bithumb,Bithumb 102,Asia and Pacific
2025/6/17,0x3a44d5263a0c6dcc33537c014304cc9f1c511146,ethereum,Bithumb,Bithumb 277,Asia and Pacific
2025/6/17,0x3abf6ea7f57bcd2578f33f5b3e75335e8455fd11,ethereum,Bithumb,Bithumb 284,Asia and Pacific
2022/8/28,0x3b83cd1a8e516b6eb9f1af992e9354b15a6f9672,ethereum,Bithumb,Bithumb Old Address 4,Asia and Pacific
2025/6/16,0x3cb6e6d75b81098428c89109c39e6c69f50843b0,ethereum,Bithumb,Bithumb 129,Asia and Pacific
2025/6/14,0x3d7fa68469da832a7cb4ed80c9ed26584e0e1aa2,ethereum,Bithumb,Bithumb 32,Asia and Pacific
2025/6/16,0x3d98c2bc991843710cc9746dcf838ba0c6d15d48,ethereum,Bithumb,Bithumb 214,Asia and Pacific
2025/6/16,0x3f2d3d57895dc6c66fe7d8bb46a10f155e6b8c65,ethereum,Bithumb,Bithumb 173,Asia and Pacific
2025/6/16,0x3f59b1c55d8974d30fe56068333630008a5edfbc,ethereum,Bithumb,Bithumb 110,Asia and Pacific
2023/11/24,0x3fbe1f8fc5ddb27d428aa60f661eaaab0d2000ce,ethereum,Bithumb,Bithumb 23,Asia and Pacific
2025/6/25,0x409e090f6256f6761f28ec41dbf156663bd73237,ethereum,Bithumb,Bithumb 364,Asia and Pacific
2025/6/16,0x4290c5272d46f564ff585c6579bc536f8b13df67,ethereum,Bithumb,Bithumb 88,Asia and Pacific
2025/6/17,0x42919d4f57f52b61ac749e61a8838efdfced0e8c,ethereum,Bithumb,Bithumb 334,Asia and Pacific
2025/6/17,0x42fb3575f8a9f54b931fa9373d82702448088562,ethereum,Bithumb,Bithumb 330,Asia and Pacific
2025/6/16,0x4301e505a1d34641c18955a39bab91875abc6ae1,ethereum,Bithumb,Bithumb 131,Asia and Pacific
2025/6/16,0x431730b984520e480d2d7dfc4b056ea575d34c77,ethereum,Bithumb,Bithumb 140,Asia and Pacific
2025/6/17,0x436aa7057c2f4a1694caec54842521cef26ed315,ethereum,Bithumb,Bithumb 346,Asia and Pacific
2025/6/16,0x43cacb5e80416a4e130dbcda442a9e82cd498ba1,ethereum,Bithumb,Bithumb 213,Asia and Pacific
2025/6/16,0x43f4ecbce3bac1050b12d539e31bb46dc91530c8,ethereum,Bithumb,Bithumb 87,Asia and Pacific
2025/6/25,0x43fddf6aa37848e87bb176407dafef2b8ca20a8a,ethereum,Bithumb,Bithumb 425,Asia and Pacific
2025/6/16,0x441814f5c48903c26656a2ff6766ad6a211ae031,ethereum,Bithumb,Bithumb 75,Asia and Pacific
2025/6/16,0x44846f7117c600029cc4f7955b3d99440c2eab7c,ethereum,Bithumb,Bithumb 118,Asia and Pacific
2025/6/16,0x449f07bab341b43834d8f883ebed035a732425ae,ethereum,Bithumb,Bithumb 62,Asia and Pacific
2025/6/25,0x4511d18987b059ef940764ff85cde2a8841026f3,ethereum,Bithumb,Bithumb 427,Asia and Pacific
2025/6/25,0x4680900fb91164ee22b9e8f7c66efc79d7c4e1f9,ethereum,Bithumb,Bithumb 408,Asia and Pacific
2025/6/16,0x46b730ff07fd26f4eccae41704ad8cc2203c15a9,ethereum,Bithumb,Bithumb 56,Asia and Pacific
2025/6/16,0x479257509888ef95c0706207a56ca4075abf4a62,ethereum,Bithumb,Bithumb 116,Asia and Pacific
2025/6/16,0x47b0bb2571ff5fb22a4f8323a0fc9f52eae75706,ethereum,Bithumb,Bithumb 98,Asia and Pacific
2023/11/23,0x47e3ac26c5a8f1715dabfe1db00e4bf1f54afe23,ethereum,Bithumb,Bithumb Gas Supplier 2,Asia and Pacific
2025/6/16,0x4855b4b2361ffeb65c52d14ce74156c7e40cb481,ethereum,Bithumb,Bithumb 39,Asia and Pacific
2025/6/16,0x498697892fd0e5e3a16bd40d7bf2644f33cbbbd4,ethereum,Bithumb,Bithumb 104,Asia and Pacific
2025/6/17,0x49c6ae97052d6d24e9a58f7c6bad5e7267e202e5,ethereum,Bithumb,Bithumb 253,Asia and Pacific
2025/6/17,0x49e53aa9935d86090dfd160d4a7c8b4e21bcba3e,ethereum,Bithumb,Bithumb 226,Asia and Pacific
2025/6/25,0x49fb40a3c9172cf304c369d1c82197cc786f62d5,ethereum,Bithumb,Bithumb 476,Asia and Pacific
2025/6/25,0x4a49700676ca4649c2c2631f771198fcb3abb438,ethereum,Bithumb,Bithumb 449,Asia and Pacific
2025/6/17,0x4ac3a4f7a22429269d9d65efa747dec99623c05e,ethereum,Bithumb,Bithumb 300,Asia and Pacific
2025/6/25,0x4cc35b06d2a85b85b4670c07311f30e9fa37bb77,ethereum,Bithumb,Bithumb 374,Asia and Pacific
2025/6/17,0x4ceab31f864f9da3f8fbb572610de26febad04e4,ethereum,Bithumb,Bithumb 327,Asia and Pacific
2025/6/16,0x4d62ab4e906c9e2474af3a2e1a7f4087618a48bd,ethereum,Bithumb,Bithumb 207,Asia and Pacific
2025/6/16,0x4db9632532ad95b7c3a041397255341644b62905,ethereum,Bithumb,Bithumb 60,Asia and Pacific
2025/6/25,0x4e0eff5d81b2f0edbeedeb0c96fcb09f047b7f9d,ethereum,Bithumb,Bithumb 500,Asia and Pacific
2025/6/16,0x4e90cf836ccfe215b4793dea9b19ecfc0b3fc615,ethereum,Bithumb,Bithumb 175,Asia and Pacific
2025/6/25,0x4fd754edd8ad713fc4a6d500c17b99f8f1349e38,ethereum,Bithumb,Bithumb 392,Asia and Pacific
2025/6/25,0x501df67d90246da512d358badb6afffd061e5f6c,ethereum,Bithumb,Bithumb 369,Asia and Pacific
2025/6/17,0x501f154214da386c393e4b70cb085059676cd25b,ethereum,Bithumb,Bithumb 225,Asia and Pacific
2025/6/16,0x50260de69a417e8e5400ac186c19d7d69be8f705,ethereum,Bithumb,Bithumb 71,Asia and Pacific
2025/6/16,0x50b469999db025cf798f525434ddf62ee459be03,ethereum,Bithumb,Bithumb 198,Asia and Pacific
2025/6/25,0x5168c3903300a79961d08fe6633cbe0676ae5d31,ethereum,Bithumb,Bithumb 418,Asia and Pacific
2025/6/17,0x51a078232d65f56bda706ecff9d799d5bf9154f8,ethereum,Bithumb,Bithumb 324,Asia and Pacific
2025/6/16,0x51b73dd023d6c889e708988e1f9949597b3714f2,ethereum,Bithumb,Bithumb 143,Asia and Pacific
2025/6/17,0x51bc4ff2d8245b2702a1f5c0922876291154da6c,ethereum,Bithumb,Bithumb 329,Asia and Pacific
2025/6/25,0x51cf85376ef6428a641d2de42142e3156ac71f46,ethereum,Bithumb,Bithumb 502,Asia and Pacific
2025/6/25,0x51d34060fc9c650e1c3e580865d4d1f086e84322,ethereum,Bithumb,Bithumb 413,Asia and Pacific
2025/6/25,0x524049e4a64dd53a8c504328fa8e44007e5497d8,ethereum,Bithumb,Bithumb 379,Asia and Pacific
2025/6/16,0x533689508b49d3556aac5d998d3d2a12ab19ed0f,ethereum,Bithumb,Bithumb 119,Asia and Pacific
2025/6/25,0x5432e78615b96c1dcc19d3ce68d01acb93edc54a,ethereum,Bithumb,Bithumb 366,Asia and Pacific
2025/6/16,0x545c72c89d2432d52652c823edb395dc415bbd8d,ethereum,Bithumb,Bithumb 111,Asia and Pacific
2025/6/16,0x54cc7ebd646bdd68aa6b81e573172a5b709dc79d,ethereum,Bithumb,Bithumb 59,Asia and Pacific
2025/6/16,0x54d1774631980b22c85f13bfaf2f45291b22cbf9,ethereum,Bithumb,Bithumb 148,Asia and Pacific
2022/8/28,0x5521a68d4f8253fc44bfb1490249369b3e299a4a,ethereum,Bithumb,Bithumb Old Address 2,Asia and Pacific
2025/6/25,0x5534e885f69fe3bb97222d0e50093221cdb6b8d8,ethereum,Bithumb,Bithumb 397,Asia and Pacific
2022/8/28,0x558553d54183a8542f7832742e7b4ba9c33aa1e6,ethereum,Bithumb,Bithumb 12,Asia and Pacific
2025/6/17,0x55b19810880490beccc9a7de45079c4f71bb2ee6,ethereum,Bithumb,Bithumb 333,Asia and Pacific
2025/6/25,0x55e69c5272d1dba99d85f053d21fb53728b27f75,ethereum,Bithumb,Bithumb 357,Asia and Pacific
2023/11/16,0x560e389a2b032319e742a59ae8bafa62671089fe,ethereum,Bithumb,Bithumb Contract,Asia and Pacific
2025/6/16,0x562b851334ebda5359a972fa2ad2d4af12dc5b28,ethereum,Bithumb,Bithumb 125,Asia and Pacific
2025/6/16,0x573551e765e1b90d5db1a19a036a9e6df5380b27,ethereum,Bithumb,Bithumb 205,Asia and Pacific
2025/6/16,0x57d7424f5fe7d1fd52d75fa0cdf36066c45feafa,ethereum,Bithumb,Bithumb 174,Asia and Pacific
2025/6/25,0x582717501dec047513ec258458da7834011076de,ethereum,Bithumb,Bithumb 355,Asia and Pacific
2025/6/16,0x5895942d5226d48f949e4039b42c62393a226c89,ethereum,Bithumb,Bithumb 76,Asia and Pacific
2025/6/17,0x58e7b0ea1bb75c2f25bac91f33c5186041a1d705,ethereum,Bithumb,Bithumb 323,Asia and Pacific
2025/6/17,0x59723c4021103ed128981bd8467121c93b8256ae,ethereum,Bithumb,Bithumb 268,Asia and Pacific
2025/6/17,0x5af7548324ead48bfa30415db6586c29dea137d9,ethereum,Bithumb,Bithumb 338,Asia and Pacific
2025/6/25,0x5b11944cd309c4c4cac8251d821882c44b748b48,ethereum,Bithumb,Bithumb 361,Asia and Pacific
2025/6/16,0x5b567d1426d74afdf001c4cb7bcabaee31b8f6d7,ethereum,Bithumb,Bithumb 132,Asia and Pacific
2025/6/17,0x5c096943c87d74d2958980f6d1b5159aa295d630,ethereum,Bithumb,Bithumb 270,Asia and Pacific
2025/6/16,0x5df3908f360a40d91b73e3e0a7f30b52c2c8411e,ethereum,Bithumb,Bithumb 97,Asia and Pacific
2025/6/17,0x5e13803e4adcf60c1eecc5215f3ab6e43f3f2b92,ethereum,Bithumb,Bithumb 292,Asia and Pacific
2026/1/2,0x5e3308d6d5eb0832aaf0edbad3f39b100ca0ff02,ethereum,Bithumb,bithumb_kip7_16 kaia,Asia and Pacific
2025/6/16,0x5e84916278a627db42e06fa653d2d3faf000c04a,ethereum,Bithumb,Bithumb 169,Asia and Pacific
2025/6/25,0x5ee8dd3eefd8dbe1b019e312bce563ff6d7d039e,ethereum,Bithumb,Bithumb 428,Asia and Pacific
2025/6/16,0x5f01171c372649c598f5ba9b14f46b32ea2a76d3,ethereum,Bithumb,Bithumb 101,Asia and Pacific
2025/6/25,0x5f2b9cef416dc2b4438f5d4c175b6d22aeb8164f,ethereum,Bithumb,Bithumb 406,Asia and Pacific
2025/6/16,0x5f86cbd803ec448e2f14aa0369073c5730c2ef41,ethereum,Bithumb,Bithumb 103,Asia and Pacific
2025/6/16,0x5f8885c741a7b4f564d0be2a179b70f3ab3ef6c2,ethereum,Bithumb,Bithumb 210,Asia and Pacific
2025/6/16,0x5f99e419e477dcecf580e6fc375674fa555beac8,ethereum,Bithumb,Bithumb 40,Asia and Pacific
2025/6/17,0x613ddb2371e30c5de7a38f87acdb6a39bfa4444d,ethereum,Bithumb,Bithumb 301,Asia and Pacific
2025/6/17,0x614ff926dd0c351654265183b834acbbb14f52a4,ethereum,Bithumb,Bithumb 261,Asia and Pacific
2025/6/17,0x6164406bdcc2bddf39142e1b794849bb94d79283,ethereum,Bithumb,Bithumb 310,Asia and Pacific
2025/6/16,0x61811fb73ae3365043f26d25a0a89c7954afe643,ethereum,Bithumb,Bithumb 147,Asia and Pacific
2025/6/25,0x61f1ad33104d399c60a70f0896a11da1a3d1d151,ethereum,Bithumb,Bithumb 459,Asia and Pacific
2025/6/16,0x61f90d2b08d879cf24081024fb61880d27ed8c69,ethereum,Bithumb,Bithumb 82,Asia and Pacific
2025/6/16,0x62cdf0e5e5f0fc3abb124f25ad41c9bf84fec4cf,ethereum,Bithumb,Bithumb 37,Asia and Pacific
2025/6/25,0x647361050f6fef5c9265854319567d6a46dff91c,ethereum,Bithumb,Bithumb 417,Asia and Pacific
2025/6/17,0x653bbbf23b8642c05152d7d0a0fb6b4101d19d87,ethereum,Bithumb,Bithumb 265,Asia and Pacific
2025/6/16,0x657137744ffad35d6742df22497fc41fd10c8f72,ethereum,Bithumb,Bithumb 191,Asia and Pacific
2025/6/25,0x65ce97afdec8c1e20e311ea9e13121ce9029c8b7,ethereum,Bithumb,Bithumb 478,Asia and Pacific
2025/6/16,0x6672fda2343cfe902df9a6895a5264017b2ac80c,ethereum,Bithumb,Bithumb 155,Asia and Pacific
2025/6/17,0x66be099888fbe737a8053deb6a39385874608073,ethereum,Bithumb,Bithumb 282,Asia and Pacific
2025/6/16,0x66cd70d9ef25993ba22dcb073b40bcac64734aa8,ethereum,Bithumb,Bithumb 177,Asia and Pacific
2025/6/25,0x67cdacacc9342b2f279333bccf48880f37cd4a69,ethereum,Bithumb,Bithumb 488,Asia and Pacific
2025/6/17,0x6805e2007e690ac914c639ea90b1901030dc436c,ethereum,Bithumb,Bithumb 347,Asia and Pacific
2025/6/25,0x688e7a9302c6f2b605b48066324c1cf1b48ad440,ethereum,Bithumb,Bithumb 429,Asia and Pacific
2025/6/25,0x6899398c0b6190a3261a65c6773dcea507e5298b,ethereum,Bithumb,Bithumb 497,Asia and Pacific
2025/6/16,0x6916e682263df22c0a002950813bb7712d4fd441,ethereum,Bithumb,Bithumb 192,Asia and Pacific
2025/6/17,0x697a6ce57fc39c5e9fba6d9521da56f547665354,ethereum,Bithumb,Bithumb 244,Asia and Pacific
2025/6/25,0x69a1b14b290feb27425b849d03a6bf33eda2fa71,ethereum,Bithumb,Bithumb 388,Asia and Pacific
2025/6/25,0x69ef4e8a1cd21ce860bc8f3ba00b37f8fa50adce,ethereum,Bithumb,Bithumb 463,Asia and Pacific
2025/6/25,0x6a746dcccee33c94000547bd0051c55df703ad36,ethereum,Bithumb,Bithumb 489,Asia and Pacific
2025/6/16,0x6ad16ae71f68814073e2bcb68780ac0337c40fd3,ethereum,Bithumb,Bithumb 124,Asia and Pacific
2025/6/16,0x6beb0aff1c925e588ac3e5e83241277b8dc7a5f8,ethereum,Bithumb,Bithumb 72,Asia and Pacific
2025/6/17,0x6bf95ae53500c3c9ed6e6413d9e67d682d09d06d,ethereum,Bithumb,Bithumb 240,Asia and Pacific
2025/6/16,0x6d97b2607878f55fc72485be5b73bb6dbbeb808b,ethereum,Bithumb,Bithumb 84,Asia and Pacific
2025/6/16,0x6dc5c694c44ad7ccfbbe1dbbdbfbd25dcedc080e,ethereum,Bithumb,Bithumb 47,Asia and Pacific
2025/6/16,0x6eb80a5583c76dd1b131a912a593fc74ce9629b8,ethereum,Bithumb,Bithumb 184,Asia and Pacific
2024/5/4,0x6fc48de8f167456b7aa27dd4ecfabba329ea623d,ethereum,Bithumb,Bithumb 24,Asia and Pacific
2025/6/16,0x70797fdfa56c1017219ea815a57cb34e0f75c44c,ethereum,Bithumb,Bithumb 114,Asia and Pacific
2025/6/16,0x70c97b7aa0100776aef41ca1a34645a8c3529f29,ethereum,Bithumb,Bithumb 90,Asia and Pacific
2025/6/16,0x70cc1eee4bb9fcbb050c797cc9fd65d1ec1dfa22,ethereum,Bithumb,Bithumb 79,Asia and Pacific
2025/6/25,0x7311ec0ce32aac8afe993c17bf3187d9d4eaaefe,ethereum,Bithumb,Bithumb 424,Asia and Pacific
2025/6/25,0x7344bc430113271c36ae2bfd48780b7b16d600be,ethereum,Bithumb,Bithumb 395,Asia and Pacific
2025/6/25,0x747607f04a54eecfdf81528884dfeea08380bbd5,ethereum,Bithumb,Bithumb 435,Asia and Pacific
2025/6/16,0x749d9120ac151985184cb7c62ef608eaab1c8e07,ethereum,Bithumb,Bithumb 51,Asia and Pacific
2025/6/16,0x749df1acbe93092ae9095884c09a9ecfa112ea18,ethereum,Bithumb,Bithumb 187,Asia and Pacific
2025/6/25,0x74be0cf1c9972c00ed4ef290e0e5bcfd18873f13,ethereum,Bithumb,Bithumb 453,Asia and Pacific
2025/6/25,0x75252a69676c2472edf9974476e9c636ca7a8af1,ethereum,Bithumb,Bithumb 378,Asia and Pacific
2025/6/17,0x7543be1bb5da0080c8b31affde4042674ef6c234,ethereum,Bithumb,Bithumb 196,Asia and Pacific
2025/6/16,0x7549884c00e3463947210dc3c726255fbe443145,ethereum,Bithumb,Bithumb 137,Asia and Pacific
2025/6/17,0x75e9b8903c8ee0b01968d4fb6e8f3ce186a68b3c,ethereum,Bithumb,Bithumb 298,Asia and Pacific
2025/6/17,0x7620be2aeb50c99a0c766c80315e4fb9f05a9724,ethereum,Bithumb,Bithumb 291,Asia and Pacific
2025/6/16,0x7657c3f585bcf54e1d411ea2850a5d297129fe0a,ethereum,Bithumb,Bithumb 122,Asia and Pacific
2025/6/16,0x76aa9e72b59750bf242bd1d10b6195303f712dc0,ethereum,Bithumb,Bithumb 70,Asia and Pacific
2025/6/16,0x76f3cf8d1b1335bfccc89ea81ab761ebe34db810,ethereum,Bithumb,Bithumb 149,Asia and Pacific
2023/11/16,0x771a2da83236a230c15ce3eb07be4de7164e3cff,ethereum,Bithumb,Bithumb 18,Asia and Pacific
2025/6/25,0x776b155406e8dcb0e1fe2265ce081b427ee7d7cc,ethereum,Bithumb,Bithumb 432,Asia and Pacific
2025/6/17,0x777ab3d1b2e087ce72b03595ece68b5601ea267b,ethereum,Bithumb,Bithumb 245,Asia and Pacific
2025/6/17,0x78a6d5fe436a1ccf297822bb619b8eab8f82cf8a,ethereum,Bithumb,Bithumb 218,Asia and Pacific
2025/6/25,0x78ab9bf80571272da06f4107ad28194ee463b0f9,ethereum,Bithumb,Bithumb 387,Asia and Pacific
2025/6/16,0x791f5843271354e195c4dce87a1c0c63684bad7b,ethereum,Bithumb,Bithumb 208,Asia and Pacific
2025/6/16,0x7ab0a00f34d575ae535d9d1e45950aff6f5f63e0,ethereum,Bithumb,Bithumb 189,Asia and Pacific
2025/6/17,0x7b5a8d2844d5bdfd51d36732b2cdd852c87f73b1,ethereum,Bithumb,Bithumb 325,Asia and Pacific
2025/6/16,0x7b6054d691857f28afc33accc2d7565af44c25f0,ethereum,Bithumb,Bithumb 166,Asia and Pacific
2024/6/3,0x7be98e1d8f29d23338e61694007d50d67144c7ef,ethereum,Bithumb,Bithumb 26,Asia and Pacific
2025/6/17,0x7d6b51dd2c27c36c20212293845346f4df89a1dd,ethereum,Bithumb,Bithumb 220,Asia and Pacific
2025/6/16,0x7d96d2488402ded8e8f66b3f251b68258fcd42c3,ethereum,Bithumb,Bithumb 49,Asia and Pacific
2025/6/16,0x7dffbfef028e9cae39304cf5422f63f49798d473,ethereum,Bithumb,Bithumb 212,Asia and Pacific
2025/6/16,0x7f48d784f23149f9c5ef0e77a4b0ba926d1ee491,ethereum,Bithumb,Bithumb 54,Asia and Pacific
2025/6/25,0x7f5c1d80db5198bff154e712ac1bb49fb8ef652f,ethereum,Bithumb,Bithumb 391,Asia and Pacific
2025/6/25,0x7f9156b15d3f90d382dd9931bbb4cd7521056567,ethereum,Bithumb,Bithumb 509,Asia and Pacific
2025/6/17,0x7fe6e8e00e50cefd6f2b05bf0ea9dc058d834c92,ethereum,Bithumb,Bithumb 308,Asia and Pacific
2025/6/25,0x7fff0fc1fdc00d8b545bc3bf34237a0ff85550f4,ethereum,Bithumb,Bithumb 490,Asia and Pacific
2025/6/16,0x80db079359286b770d6d1082f3b93fe9d169dcdc,ethereum,Bithumb,Bithumb 121,Asia and Pacific
2025/6/17,0x80f6010a95a118b76b9fcead74f2db0272d6668e,ethereum,Bithumb,Bithumb 294,Asia and Pacific
2025/6/17,0x80fc4c7ac05acb0c2b05866f43ce929a356ed49e,ethereum,Bithumb,Bithumb 290,Asia and Pacific
2025/6/17,0x8125933e5d2ec1ca4c3fc338e7cdff76fab659f2,ethereum,Bithumb,Bithumb 221,Asia and Pacific
2025/6/17,0x818526b6796297e80c65248c7336e78f1bec38e9,ethereum,Bithumb,Bithumb 311,Asia and Pacific
2023/11/24,0x83761c6785427f5a27a07c92a9dcfa99947bc4ad,ethereum,Bithumb,Bithumb Gas Supplier 4,Asia and Pacific
2025/6/25,0x838f176d94990e06af9b57e470047f9978403195,ethereum,Bithumb,Bithumb 441,Asia and Pacific
2025/6/17,0x848a7219f335083f0112679cbcabd8100d428757,ethereum,Bithumb,Bithumb 255,Asia and Pacific
2025/6/17,0x84d74f2115c1fdc48da6368426d9f033bed75405,ethereum,Bithumb,Bithumb 223,Asia and Pacific
2025/6/16,0x8573a502a2961b1837289c6f3e7d8e738b5189ac,ethereum,Bithumb,Bithumb 61,Asia and Pacific
2025/6/17,0x8804a4cfcb84ab783d055da9960844738c9dac1c,ethereum,Bithumb,Bithumb 227,Asia and Pacific
2025/6/16,0x885e84b7d671475dc3b5f90c5ea9ff2e9a035540,ethereum,Bithumb,Bithumb 156,Asia and Pacific
2022/8/28,0x88d34944cf554e9cccf4a24292d891f620e9c94f,ethereum,Bithumb,Bithumb 1,Asia and Pacific
2025/6/17,0x88ea004b6b3d7506286f7fbd4ee87b2452f6822a,ethereum,Bithumb,Bithumb 339,Asia and Pacific
2025/6/25,0x89c905a63457dbbbb1e8551b0f25174bb9aad748,ethereum,Bithumb,Bithumb 359,Asia and Pacific
2025/6/25,0x89cfdc34f61b8cdfe92fb90fe4e470a0d145c46e,ethereum,Bithumb,Bithumb 461,Asia and Pacific
2025/6/17,0x89d647b1a87a6f61340b25350baa0f4ffe469942,ethereum,Bithumb,Bithumb 260,Asia and Pacific
2025/6/25,0x8ccc21614035cd27e3fe0f7877f59a11c8900a19,ethereum,Bithumb,Bithumb 421,Asia and Pacific
2025/6/16,0x8d04da44154f14cc0404cbee59bb75f29c8fa176,ethereum,Bithumb,Bithumb 180,Asia and Pacific
2025/6/16,0x8d9dfc11ecc74cae1c4118cc1e9077f42e8c3df4,ethereum,Bithumb,Bithumb 170,Asia and Pacific
2025/6/16,0x8dc7e2ff2c648ee0c29b5e9e0de8ef28728c1edd,ethereum,Bithumb,Bithumb 204,Asia and Pacific
2022/8/28,0x8fa8af91c675452200e49b4683a33ca2e1a34e42,ethereum,Bithumb,Bithumb Old Address 3,Asia and Pacific
2025/6/16,0x8fcab1b9c72fcfaf1c1fa80184a6df08e7a9f486,ethereum,Bithumb,Bithumb 183,Asia and Pacific
2025/6/17,0x902dcb971306756ed515abd3304612309b2aad10,ethereum,Bithumb,Bithumb 349,Asia and Pacific
2025/6/16,0x90c8161ade96fc4c11295d012a20bdfd88eb039f,ethereum,Bithumb,Bithumb 78,Asia and Pacific
2025/6/16,0x92045fd93e6152d7cee8a6844492e7953a3940d4,ethereum,Bithumb,Bithumb 86,Asia and Pacific
2025/6/25,0x92816c08590c61110ad486c764de3faa1751d79b,ethereum,Bithumb,Bithumb 454,Asia and Pacific
2025/6/17,0x928b5f4b66537b66777049ab700f8775b2bac2bd,ethereum,Bithumb,Bithumb 302,Asia and Pacific
2025/6/17,0x92952992339e25dc6a319b34a3bb0673cdc93923,ethereum,Bithumb,Bithumb 236,Asia and Pacific
2025/6/16,0x929c9864e52e40b5d9866961f0c16a58026cebbd,ethereum,Bithumb,Bithumb 67,Asia and Pacific
2025/6/16,0x92a9c746debc9e1a9f5a6b10335d6c3d0211e78e,ethereum,Bithumb,Bithumb 96,Asia and Pacific
2025/6/25,0x94278cbc4cb0c15ad23084502db7e6154eaf9b0d,ethereum,Bithumb,Bithumb 477,Asia and Pacific
2025/6/16,0x95150288823135998db957e5364392282081e609,ethereum,Bithumb,Bithumb 45,Asia and Pacific
2025/6/25,0x95637d07c46be50d1499a4042fdf3811e8077a1c,ethereum,Bithumb,Bithumb 411,Asia and Pacific
2025/6/25,0x9664136fcd0ad5a09e49eaac2daa42fa55551c84,ethereum,Bithumb,Bithumb 450,Asia and Pacific
2025/6/16,0x96b1392f2e9e6849b8598d51f0861ade4fda2885,ethereum,Bithumb,Bithumb 77,Asia and Pacific
2025/6/16,0x96e6d4e67d36408c12c86655108e4b2eba52fd17,ethereum,Bithumb,Bithumb 188,Asia and Pacific
2023/11/23,0x97122ddca38c29b7653d52b07998d06a7128fa0b,ethereum,Bithumb,Bithumb 21,Asia and Pacific
2025/6/16,0x9778438a50af7d51ea351a367c6526f46fa4e0b1,ethereum,Bithumb,Bithumb 109,Asia and Pacific
2025/6/17,0x977e00a35dce1548e0c6935d180c0493d013d52e,ethereum,Bithumb,Bithumb 283,Asia and Pacific
2025/6/25,0x979d08767aee8bce351be64cfec646bf92293674,ethereum,Bithumb,Bithumb 410,Asia and Pacific
2025/6/16,0x9836b9971a5a44070eccd7a30dc49b1d8a816333,ethereum,Bithumb,Bithumb 164,Asia and Pacific
2025/6/17,0x9866c076afb78effd0a672bf67de4f491cbbb505,ethereum,Bithumb,Bithumb 241,Asia and Pacific
2025/6/17,0x98a84d0df4455082d8c26b8c716f6d6b7ace21d4,ethereum,Bithumb,Bithumb 295,Asia and Pacific
2025/6/25,0x997e5f74f4c398a804a4a0ad1946dc8c95870c1e,ethereum,Bithumb,Bithumb 501,Asia and Pacific
2025/6/25,0x9999d626007243a39d4774507fc3468aca15d321,ethereum,Bithumb,Bithumb 419,Asia and Pacific
2025/6/25,0x999eff5a6e4584c6b73b207b012cf964385c8ec2,ethereum,Bithumb,Bithumb 381,Asia and Pacific
2025/6/16,0x99cd2065b34f3c85b5b1debf8567e7f9ef4794d6,ethereum,Bithumb,Bithumb 135,Asia and Pacific
2025/6/16,0x9b18e3fdba2dc8789bd2f9c6e92f65a2f8027ab8,ethereum,Bithumb,Bithumb 74,Asia and Pacific
2025/6/25,0x9c8065ef294d347c92958bb88b748ad2c2a3852e,ethereum,Bithumb,Bithumb 496,Asia and Pacific
2025/6/25,0x9da2fbbf9171ee6617320db259839545e88a0fec,ethereum,Bithumb,Bithumb 416,Asia and Pacific
2025/6/25,0x9e336b34bfa786ae0c56a776e13fb85a7e0cb234,ethereum,Bithumb,Bithumb 426,Asia and Pacific
2025/6/17,0x9e9c4114c6feb14ad550cfeadc5c0364db4228f8,ethereum,Bithumb,Bithumb 256,Asia and Pacific
2025/6/16,0x9ee3d7bd5465988e6c66398fae72a266e132da8b,ethereum,Bithumb,Bithumb 190,Asia and Pacific
2025/6/17,0x9f85b1341abd84844da78370a7d04f812e6c25ba,ethereum,Bithumb,Bithumb 263,Asia and Pacific
2025/6/16,0x9f85c654e7819546afda3df2ed3c5e8c423b31c0,ethereum,Bithumb,Bithumb 66,Asia and Pacific
2025/6/17,0xa0db4a41949fd7c8a6528e645bc40e726d3ffe53,ethereum,Bithumb,Bithumb 348,Asia and Pacific
2022/8/28,0xa0ff1e0f30b5dda2dc01e7e828290bc72b71e57d,ethereum,Bithumb,Bithumb 4,Asia and Pacific
2025/6/16,0xa17b4c8e0c153178ddc99c210e2b02d6eea91380,ethereum,Bithumb,Bithumb 89,Asia and Pacific
2025/6/25,0xa2297dc881d9d5fbf988cca7fe692ab4c4c9f1d4,ethereum,Bithumb,Bithumb 386,Asia and Pacific
2025/6/25,0xa2d568e8b555ca6cdda9fa90673dcb30939637d8,ethereum,Bithumb,Bithumb 380,Asia and Pacific
2025/6/25,0xa2f02e081579d7fcbc257c96ccbadae4931f938d,ethereum,Bithumb,Bithumb 483,Asia and Pacific
2025/6/17,0xa315ca75ec0b6d613f4a7ed25f8c4c55db22e0e7,ethereum,Bithumb,Bithumb 350,Asia and Pacific
2025/6/16,0xa36a9867fb26c9650b1ddda645b827f80fd7a9d1,ethereum,Bithumb,Bithumb 171,Asia and Pacific
2025/6/16,0xa395215984fca0c44089975408a11f86b8290857,ethereum,Bithumb,Bithumb 108,Asia and Pacific
2025/6/16,0xa3b408eaedc966dd31b23057b67e1cd6d16fb695,ethereum,Bithumb,Bithumb 48,Asia and Pacific
2025/6/16,0xa5d2ae589b4bf2c3a54987791f64402d6d18c1d1,ethereum,Bithumb,Bithumb 165,Asia and Pacific
2025/6/16,0xa63eace47618b9677261b09b32e3ca2b5c0a0182,ethereum,Bithumb,Bithumb 65,Asia and Pacific
2025/6/16,0xa7060aece919e4b7d9928b8418a9d30731471fa9,ethereum,Bithumb,Bithumb 53,Asia and Pacific
2025/6/17,0xa756d3499f50b245f22719a6f21b5ceb46b913ef,ethereum,Bithumb,Bithumb 320,Asia and Pacific
2025/6/16,0xa82bdc6e840d2512db19ed1d55d8cbe82cbe993b,ethereum,Bithumb,Bithumb 41,Asia and Pacific
2024/5/25,0xa84aa98ca1c5dbff58f825e28fad700653439d5f,ethereum,Bithumb,Bithumb Gas Supplier 6,Asia and Pacific
2025/6/16,0xa88bb1ad86b48e6e75eaeaa4ae23ff52b8377eda,ethereum,Bithumb,Bithumb 107,Asia and Pacific
2025/6/16,0xa91a72e7508904d264c3cba16ecefe7cc7672585,ethereum,Bithumb,Bithumb 99,Asia and Pacific
2025/6/17,0xa9616eb2c21f54ee219a56733ea80656c99c323e,ethereum,Bithumb,Bithumb 345,Asia and Pacific
2025/6/17,0xa9a373c06856ed443cbd453f20656b16faa1a88c,ethereum,Bithumb,Bithumb 247,Asia and Pacific
2025/6/25,0xaa4c3eea54567a82e8c50dec25eb9f4beec02696,ethereum,Bithumb,Bithumb 503,Asia and Pacific
2025/6/16,0xaa9789268decdd4f51c32f3ebbe327a64a2b2bfc,ethereum,Bithumb,Bithumb 154,Asia and Pacific
2025/6/25,0xaa97934f7fef8f5e153fd78cb16125f53d39310c,ethereum,Bithumb,Bithumb 465,Asia and Pacific
2025/6/17,0xaab63f96c29c365e3a1921170ccabe29e9532b26,ethereum,Bithumb,Bithumb 313,Asia and Pacific
2025/6/16,0xab5c8ab62a477c4b344d4c5e995b0112a3b14e64,ethereum,Bithumb,Bithumb 200,Asia and Pacific
2025/6/16,0xabc5e8ff2434193cd85bc2f67dc8537e0c76e575,ethereum,Bithumb,Bithumb 206,Asia and Pacific
2025/6/16,0xac8b63891325b295ded1debb3c38a2d3e1aa7012,ethereum,Bithumb,Bithumb 145,Asia and Pacific
2025/6/16,0xae0c364acb9b105766fea91cfa5aaea31a1821c1,ethereum,Bithumb,Bithumb 160,Asia and Pacific
2025/6/16,0xae3f48beb706a106298b08d2aa210dad4ba5357b,ethereum,Bithumb,Bithumb 217,Asia and Pacific
2025/6/16,0xaeeef07f5547e4fa11c7529b99c7a5a12fc834c3,ethereum,Bithumb,Bithumb 209,Asia and Pacific
2025/6/25,0xafbb5d191b143ee2835a37552116e984a6efc15a,ethereum,Bithumb,Bithumb 480,Asia and Pacific
2025/6/25,0xb0415c62f5491db58c4b9c2e36409a6aa3ad637b,ethereum,Bithumb,Bithumb 400,Asia and Pacific
2024/5/25,0xb08f3dc596fe40be860cee549b5c0a2f61de9f9f,ethereum,Bithumb,Bithumb 25,Asia and Pacific
2025/6/16,0xb13135da9aa4d4bb1ab7be6f57a0fb68cdffbbbc,ethereum,Bithumb,Bithumb 46,Asia and Pacific
2025/6/25,0xb1b8b43c9830242d06daa80f21433ab2616e8eb0,ethereum,Bithumb,Bithumb 415,Asia and Pacific
2025/6/17,0xb2fb7d6999a23398971759b7dab949a4c5d7f677,ethereum,Bithumb,Bithumb 274,Asia and Pacific
2022/8/28,0xb4460b75254ce0563bb68ec219208344c7ea838c,ethereum,Bithumb,Bithumb 6,Asia and Pacific
2025/6/16,0xb466fb15a250ff3fc9e2f97be6d32d31fdd1c52f,ethereum,Bithumb,Bithumb 181,Asia and Pacific
2023/11/23,0xb470faea0dc6e1a99dbb4fa95b5be47d9c27e00a,ethereum,Bithumb,Bithumb Gas Supplier 3,Asia and Pacific
2025/6/16,0xb4f256bc83022a5816c8dccdd393585b8a2c1be6,ethereum,Bithumb,Bithumb 203,Asia and Pacific
2025/6/16,0xb5131089dfdc413a81c0ad4b3f9ed139bed5a7f2,ethereum,Bithumb,Bithumb 43,Asia and Pacific
2025/6/16,0xb62731bbf15e1b31e111a5425d84a8aae3a4e0df,ethereum,Bithumb,Bithumb 215,Asia and Pacific
2025/6/17,0xb73c2c660111eefa9fbd0a3efc63cb6de67dc8ee,ethereum,Bithumb,Bithumb 309,Asia and Pacific
2025/6/17,0xb7ba288083cbc5c1034e1e821ab1229cd6bdf40d,ethereum,Bithumb,Bithumb 258,Asia and Pacific
2025/6/25,0xb986b889d1de3ba7fe8c7a198e99573bedd612fe,ethereum,Bithumb,Bithumb 494,Asia and Pacific
2025/6/17,0xba0a2750651ccba751d77467997f090ee4aa66e2,ethereum,Bithumb,Bithumb 243,Asia and Pacific
2025/6/17,0xba49daa1a27824795bc52aeb8a305f51963b6271,ethereum,Bithumb,Bithumb 337,Asia and Pacific
2025/6/17,0xba835e583e547d29ba293564d7a3babad719eb38,ethereum,Bithumb,Bithumb 336,Asia and Pacific
2025/6/16,0xbae6feccd7194aedf20a3485b78dd77b977d5c3a,ethereum,Bithumb,Bithumb 178,Asia and Pacific
2022/8/28,0xbb5a0408fa54287b9074a2f47ab54c855e95ef82,ethereum,Bithumb,Bithumb Old Address 1,Asia and Pacific
2025/6/16,0xbb834748dd0fffc927fef223195703d39b862eb8,ethereum,Bithumb,Bithumb 136,Asia and Pacific
2025/6/25,0xbc611bc59b385daa30aad780baa187e26c05096b,ethereum,Bithumb,Bithumb 505,Asia and Pacific
2025/6/16,0xbe7e7aa36873e55c3cb8cfeca06135498b95dc7c,ethereum,Bithumb,Bithumb 168,Asia and Pacific
2025/6/25,0xbef89f2cc3c1fa89d1929d10c2421caea3d793cc,ethereum,Bithumb,Bithumb 375,Asia and Pacific
2025/6/25,0xbf0bddbd5093a1b36da11c810f7a0a88a80df114,ethereum,Bithumb,Bithumb Gas Supplier 7,Asia and Pacific
2025/6/17,0xbf539ae044669fcfdea3be1586e9bc7a8f0fd446,ethereum,Bithumb,Bithumb 219,Asia and Pacific
2025/6/17,0xbf6295c3397ee37eb363071a05e9c63b7c5a1cf5,ethereum,Bithumb,Bithumb 316,Asia and Pacific
2025/6/17,0xbf95fce17f49993ddbcf1c876eec2000a85519b4,ethereum,Bithumb,Bithumb 335,Asia and Pacific
2025/6/17,0xbfdadd7d55feeffb5a43617bd837a9e8092f5eac,ethereum,Bithumb,Bithumb 259,Asia and Pacific
2025/6/25,0xc03498cfcdb97aa2cf8e5939d7297c4496f4ee91,ethereum,Bithumb,Bithumb 437,Asia and Pacific
2025/6/25,0xc04f49c89058da65b443a66f9092d90912c2d95f,ethereum,Bithumb,Bithumb 398,Asia and Pacific
2025/6/25,0xc080fee1b31cd0987fb40fd66af50dc75654dcd3,ethereum,Bithumb,Bithumb 442,Asia and Pacific
2025/6/17,0xc0ee0bbcbf8b75134c53ac8e2e501b103059576e,ethereum,Bithumb,Bithumb 312,Asia and Pacific
2022/8/28,0xc1da8f69e4881efe341600620268934ef01a3e63,ethereum,Bithumb,Bithumb 5,Asia and Pacific
2025/5/2,0xc257274276a4e539741ca11b590b9447b26a8051,ethereum,Bithumb,Bithumb 30,Asia and Pacific
2025/6/17,0xc28e2ff76e9384a116e285a686dd781a2c955f46,ethereum,Bithumb,Bithumb 328,Asia and Pacific
2025/6/17,0xc2d1b078f122c60a02c5304b437fbfd92bdb647d,ethereum,Bithumb,Bithumb 211,Asia and Pacific
2025/6/16,0xc2db2e30bf92397e5abaf0254177a7ba12da8eea,ethereum,Bithumb,Bithumb 69,Asia and Pacific
2025/6/16,0xc460a953fadd4ca6f3888f93dff9dd6dadc99fc1,ethereum,Bithumb,Bithumb 216,Asia and Pacific
2025/6/17,0xc4643a1fc5b7ae2d6baf26f871e7046a383d3e93,ethereum,Bithumb,Bithumb 280,Asia and Pacific
2025/6/16,0xc55192a6c1d066b4cf4d9b70170897f124cbf664,ethereum,Bithumb,Bithumb 201,Asia and Pacific
2025/6/16,0xc671b05671a7cd3080c6ceae79d284bdde0ef271,ethereum,Bithumb,Bithumb 52,Asia and Pacific
2025/6/25,0xc70c1a16957cffe10f2ad3170b4a40d8426f7abe,ethereum,Bithumb,Bithumb 383,Asia and Pacific
2025/6/17,0xc719fa9d2c4727e1bbb2f2941cfb1cffa24f23db,ethereum,Bithumb,Bithumb 250,Asia and Pacific
2025/6/14,0xc7bc2c957a6465332135ea14518df766a476a1c3,ethereum,Bithumb,Bithumb 31,Asia and Pacific
2025/6/25,0xc837aa0770eb5131c48549da6599fa8d61130e43,ethereum,Bithumb,Bithumb 402,Asia and Pacific
2025/6/17,0xc914c42a626b9f8f6a4cd830c4129131894f9a58,ethereum,Bithumb,Bithumb 303,Asia and Pacific
2025/6/17,0xc9b84901ad3a6d8c3b844b120949b3def79f27a8,ethereum,Bithumb,Bithumb 242,Asia and Pacific
2025/6/16,0xca32d3637af9f06a816fd9f45bcac79b5c2f61ed,ethereum,Bithumb,Bithumb 92,Asia and Pacific
2025/6/25,0xca5fef2a6ddff242f602a644ecc00ab42ffbbc26,ethereum,Bithumb,Bithumb 376,Asia and Pacific
2025/6/16,0xcac918aa18872e4b5f6aaf01bf8364103f32065b,ethereum,Bithumb,Bithumb 151,Asia and Pacific
2025/6/17,0xcb0238d7240981e7fc54cd5361a94ee3167e781c,ethereum,Bithumb,Bithumb 262,Asia and Pacific
2025/6/17,0xcc2a61901cb2a11e0d3348b578a3e6e551b1b50e,ethereum,Bithumb,Bithumb 341,Asia and Pacific
2025/6/16,0xcc41a265fa17969dd5deb5aa1f2afee4d2ad70c4,ethereum,Bithumb,Bithumb 85,Asia and Pacific
2025/6/16,0xcc68fa9f3ddefc3f86307389d3efb146651cc03f,ethereum,Bithumb,Bithumb 142,Asia and Pacific
2025/6/17,0xccfd27c31b3b1086ecc1ed4dd9088181db8357a1,ethereum,Bithumb,Bithumb 340,Asia and Pacific
2025/6/16,0xcd10a936d5fe817f882d4f2c5f297ba9f694dacf,ethereum,Bithumb,Bithumb 202,Asia and Pacific
2025/6/25,0xcda35f9119f83ca5a1de30288158b7ad2ee26f8e,ethereum,Bithumb,Bithumb 422,Asia and Pacific
2025/6/17,0xcdd91d84e48b14d008d86de73dd6c58000261c84,ethereum,Bithumb,Bithumb 318,Asia and Pacific
2025/6/16,0xce3c1e1b7d2f336a3e909c9e9bdde0f831886327,ethereum,Bithumb,Bithumb 182,Asia and Pacific
2025/6/17,0xce963274a14920e9eb1f3142347ef0fc25dda111,ethereum,Bithumb,Bithumb 332,Asia and Pacific
2025/6/25,0xcea469b7f33a7b9083ddf0890c419b5858638e30,ethereum,Bithumb,Bithumb 492,Asia and Pacific
2025/6/16,0xd11b6d3a2c8a18c2330f4de6b88cefb89414fd51,ethereum,Bithumb,Bithumb 162,Asia and Pacific
2025/6/25,0xd186409f8181608bb482332dc5dcbb191b3f69e3,ethereum,Bithumb,Bithumb 365,Asia and Pacific
2025/6/16,0xd265a63806064885acb25e99ccbb76a3e7c96f4f,ethereum,Bithumb,Bithumb 127,Asia and Pacific
2025/6/17,0xd26c2ac31f0daf70d90625218bcaf5a0cf183e2b,ethereum,Bithumb,Bithumb 326,Asia and Pacific
2022/8/28,0xd273bd546b11bd60214a2f9d71f22a088aafe31b,ethereum,Bithumb,Bithumb 11,Asia and Pacific
2025/6/25,0xd28a925142fe871254f2f351b533cd73650aeb0c,ethereum,Bithumb,Bithumb 448,Asia and Pacific
2024/10/6,0xd341dd814eb0937caf3517ff2203c6d26f306898,ethereum,Bithumb,Bithumb 29,Asia and Pacific
2025/6/17,0xd45e453aefa9a34ad5e535bb68809bcb7ce2df04,ethereum,Bithumb,Bithumb 271,Asia and Pacific
2024/10/6,0xd5a11a51fd0cda5f119b78d87eaeaa970d77c55e,ethereum,Bithumb,Bithumb 28,Asia and Pacific
2025/6/17,0xd72d4d31087092a6eb83097428ddfdf29a59d712,ethereum,Bithumb,Bithumb 267,Asia and Pacific
2025/6/15,0xd874e6bc44ff1fab6d0db8e7c347201834a35628,ethereum,Bithumb,Bithumb 34,Asia and Pacific
2025/6/17,0xdab90fdf9dcbcd009e0caf51a11af6b5dafc1bf3,ethereum,Bithumb,Bithumb 237,Asia and Pacific
2025/6/17,0xdaf01f6d502b4e7476b85bab0effd92b79f1c8cf,ethereum,Bithumb,Bithumb 344,Asia and Pacific
2025/6/25,0xdb3a0dee0c2429f779f6493f966431cb7ea0b00f,ethereum,Bithumb,Bithumb 508,Asia and Pacific
2025/6/16,0xdbb1ceb0250ed3d72862e6009806b5e2f6d75068,ethereum,Bithumb,Bithumb 91,Asia and Pacific
2025/6/25,0xdbb53a6ef7afe05b7b009624fd6101333367372f,ethereum,Bithumb,Bithumb 412,Asia and Pacific
2025/6/16,0xdc08ba458cd177e34fd5dd41a8026efd23bf6a29,ethereum,Bithumb,Bithumb 195,Asia and Pacific
2025/6/25,0xdc6afc9db17550fd1074431ed66809576d19e514,ethereum,Bithumb,Bithumb 506,Asia and Pacific
2025/6/16,0xddd6992cf0afa6bbeaf179113c580b72760d4cfc,ethereum,Bithumb,Bithumb 159,Asia and Pacific
2025/6/17,0xde6ec72afc57a2cb554a11833235a87f54347592,ethereum,Bithumb,Bithumb 279,Asia and Pacific
2025/6/17,0xdeaab8a5d77e4d450fd4a80ed2721652fda2aeb5,ethereum,Bithumb,Bithumb 264,Asia and Pacific
2025/6/25,0xdec87ed2dcdf63043917df0712a5f8866e12cc24,ethereum,Bithumb,Bithumb 457,Asia and Pacific
2025/6/16,0xdf62c06444a100b27ff067a7c965712a2368187f,ethereum,Bithumb,Bithumb 128,Asia and Pacific
2025/6/17,0xe08de1b8154b482d7fe894478d2cb34a27d73030,ethereum,Bithumb,Bithumb 288,Asia and Pacific
2025/6/25,0xe174c389249b0e3a4ec84d2a5667aa4920cb77de,ethereum,Bithumb,Bithumb 458,Asia and Pacific
2025/6/25,0xe19b501cc89c6c963241b59a2c003aa316f1d3d2,ethereum,Bithumb,Bithumb 447,Asia and Pacific
2025/6/17,0xe1d5ecf54b597e55e47f2b5eea3b237c5dc46bd3,ethereum,Bithumb,Bithumb 222,Asia and Pacific
2025/6/25,0xe1e9acfd1b2370c1830c9843391ed0f4ca7be650,ethereum,Bithumb,Bithumb 467,Asia and Pacific
2023/11/23,0xe320d449f11560ed9ff917799cb7cf10ffd7d6ba,ethereum,Bithumb,Bithumb 20,Asia and Pacific
2025/6/16,0xe34fdb42c94c47e9f4447bb9ce49ff8700e8410c,ethereum,Bithumb,Bithumb 146,Asia and Pacific
2025/6/17,0xe41a6e45784210786f3ac5ab9dc86939da120bf7,ethereum,Bithumb,Bithumb 266,Asia and Pacific
2025/6/17,0xe429ad43f586bcbc07fde34c351e2db3aa6cf494,ethereum,Bithumb,Bithumb 273,Asia and Pacific
2025/6/17,0xe4a2ea2e23eeef5fd4c6221506f3209ad5665138,ethereum,Bithumb,Bithumb 235,Asia and Pacific
2025/6/25,0xe4abede9a1898b3ad860630bb98abb05677927d2,ethereum,Bithumb,Bithumb 414,Asia and Pacific
2025/6/25,0xe598fa46b09ad4af90b23d60c817d83c99879f01,ethereum,Bithumb,Bithumb 404,Asia and Pacific
2025/6/25,0xe65e21a72e74cd8d5e91ae6cccb0ece13262d4de,ethereum,Bithumb,Bithumb 470,Asia and Pacific
2025/6/25,0xe6724c2ab8d0fe5784e72a4b8b2ee10b3de7e997,ethereum,Bithumb,Bithumb 481,Asia and Pacific
2025/6/25,0xe759346c945381eef375fb6029360029a355340e,ethereum,Bithumb,Bithumb 446,Asia and Pacific
2025/6/16,0xe7c3cdcea836e7e6a079074a43b324e00bae3580,ethereum,Bithumb,Bithumb 158,Asia and Pacific
2025/6/16,0xe807a96916049ab99c2b829a11cb94bd2f485db9,ethereum,Bithumb,Bithumb 112,Asia and Pacific
2025/6/16,0xeb8ee0503e0301720eb7616e0897f8ecdf751fc3,ethereum,Bithumb,Bithumb 68,Asia and Pacific
2022/8/28,0xed48dc0628789c2956b1e41726d062a86ec45bff,ethereum,Bithumb,Bithumb 9,Asia and Pacific
2025/6/25,0xef978f507ec75fc2736852f66698ad48644b84c9,ethereum,Bithumb,Bithumb 431,Asia and Pacific
2024/10/6,0xefb2e870b14d7e555a31b392541acf002dae6ae9,ethereum,Bithumb,Bithumb 27,Asia and Pacific
2025/6/17,0xeffa447f8051a788297167e417a55f40f3a63bc3,ethereum,Bithumb,Bithumb 297,Asia and Pacific
2025/6/25,0xf0550eb95352a577e275413693570e07c48158e5,ethereum,Bithumb,Bithumb 438,Asia and Pacific
2025/6/16,0xf0b1ecfee4bce443931ad9ba4121ccadbd85a0bc,ethereum,Bithumb,Bithumb 55,Asia and Pacific
2025/6/17,0xf18f6b0bc2f74763564869d3a1303970712906ec,ethereum,Bithumb,Bithumb 304,Asia and Pacific
2025/6/25,0xf1b3a1a9042cfb764b824dae04a70e5a486f47b1,ethereum,Bithumb,Bithumb 460,Asia and Pacific
2023/11/16,0xf1bafefded83fe7d2b754b3393445d01a7d3573b,ethereum,Bithumb,Bithumb 16,Asia and Pacific
2025/6/16,0xf21ede4f46777d92b6786ba12f2ba77745da8b27,ethereum,Bithumb,Bithumb 126,Asia and Pacific
2025/6/25,0xf2b86a4b2f4bf208aedab9ad51ebb9f777970577,ethereum,Bithumb,Bithumb 464,Asia and Pacific
2025/6/17,0xf3330332f5224065d4da8b7019a726a1bf517f56,ethereum,Bithumb,Bithumb 319,Asia and Pacific
2025/6/17,0xf4b9ed39dd183504252ee5995c58dac8197fa12d,ethereum,Bithumb,Bithumb 314,Asia and Pacific
2025/6/16,0xf4c6dd29dbc806325fa65da4be9503e000af4a9e,ethereum,Bithumb,Bithumb 193,Asia and Pacific
2025/6/17,0xf50c24849fd205936d114497853a2cf1a6d78dcb,ethereum,Bithumb,Bithumb 224,Asia and Pacific
2025/6/25,0xf545111f268da07439550344d668ab272986778f,ethereum,Bithumb,Bithumb 491,Asia and Pacific
2025/6/25,0xf5ef40b44dd81fb9f1f6fa0b904bea5e43cfa3df,ethereum,Bithumb,Bithumb 468,Asia and Pacific
2025/6/17,0xf6f8aae5e5c3b2dd2366a7c597d2bd01a830619b,ethereum,Bithumb,Bithumb 287,Asia and Pacific
2025/6/25,0xf7004a0e04fee539e089194f7fd94b6a89d5c40e,ethereum,Bithumb,Bithumb 452,Asia and Pacific
2025/6/17,0xf76074d0eb4e3fd530bca58b92941758148d53a9,ethereum,Bithumb,Bithumb 232,Asia and Pacific
2025/6/25,0xf8c34d3d450676fc356543d56b13c548f68f3e0d,ethereum,Bithumb,Bithumb 504,Asia and Pacific
2025/6/25,0xf9014426eb806d7c2a6e52ceec299ad56ee16971,ethereum,Bithumb,Bithumb 399,Asia and Pacific
2025/6/25,0xf9514c6787de3a014d3a48fccc7d2d3436fabda9,ethereum,Bithumb,Bithumb 423,Asia and Pacific
2025/6/25,0xfa28f4130e6929b9bd801e8e3c332ed9005fafa4,ethereum,Bithumb,Bithumb 486,Asia and Pacific
2025/6/16,0xfa2f78edfc5dfa8f5dd54984dda715d2ace1e094,ethereum,Bithumb,Bithumb 80,Asia and Pacific
2025/6/17,0xfa88deb799a65c95e07313252e6006025dbca7af,ethereum,Bithumb,Bithumb 248,Asia and Pacific
2025/6/17,0xfaa7533347ae599744513979a02417831fe1d167,ethereum,Bithumb,Bithumb 246,Asia and Pacific
2025/6/16,0xfb780791c6d9e460a8eda76142459188264e62da,ethereum,Bithumb,Bithumb 57,Asia and Pacific
2025/6/16,0xfc75eb837179e658f9be417fdaa560d5f6032b49,ethereum,Bithumb,Bithumb 130,Asia and Pacific
2025/6/16,0xfcd1513edea4f6f8ccae7f0cbc54978bdf0478db,ethereum,Bithumb,Bithumb 35,Asia and Pacific
2025/6/16,0xfd45b404d60154f8ed8a9326b57fe561fc7fb46c,ethereum,Bithumb,Bithumb 157,Asia and Pacific
2025/6/25,0xff67bf3eee0c7a6d5dc19e84d70ff3edb0aa2c7e,ethereum,Bithumb,Bithumb 445,Asia and Pacific
2023/9/12,0x1579b5f6582c7a04f5ffeec683c13008c4b0a520,ethereum,Bitkub,Bitkub 4,Asia and Pacific
2024/10/6,0x1fd9393359b825156e8353e390e23664bb5ab4b8,ethereum,Bitkub,Bitkub Gas Supplier 4,Asia and Pacific
2025/6/27,0x308672703961164e64332ba1ce19b85827502b4d,ethereum,Bitkub,Bitkub 28,Asia and Pacific
2024/10/6,0x326d9f47ba49bbaac279172634827483af70a601,ethereum,Bitkub,Bitkub 8,Asia and Pacific
2025/5/5,0x3460427b53823beb759d7b6a4f1d5b7199209646,ethereum,Bitkub,Bitkub 10,Asia and Pacific
2023/9/12,0x3d1d8a1d418220fd53c18744d44c182c46f47468,ethereum,Bitkub,Bitkub 2,Asia and Pacific
2023/11/23,0x49876520c866d138dd749d6c2c33e4da5bfaec66,ethereum,Bitkub,Bitkub Gas Supplier 2,Asia and Pacific
2025/6/16,0x56152e13828f78cdcc90a6b016df0aec0985e2f3,ethereum,Bitkub,Bitkub 11,Asia and Pacific
2023/9/12,0x59e0cda5922efba00a57794faf09bf6252d64126,ethereum,Bitkub,Bitkub 3,Asia and Pacific
2023/9/12,0x6254b927ecc25ddd233aaecd5296d746b1c006b4,ethereum,Bitkub,Bitkub 7,Asia and Pacific
2025/6/25,0x6b130820c449a27b35256a3c99942adbd53aac18,ethereum,Bitkub,Bitkub 13,Asia and Pacific
2024/6/3,0x79169e7818968cd0c6dbd8929f24d797cc1af9a1,ethereum,Bitkub,Bitkub Multisig 1,Asia and Pacific
2025/6/25,0x7a1cf8ce543f4838c964fb14d403cc6ed0bdbacc,ethereum,Bitkub,Bitkub 21,Asia and Pacific
2025/6/25,0x7b7b40d0ffc52005ade856d4f65008bff7d4d4a6,ethereum,Bitkub,Bitkub 15,Asia and Pacific
2023/11/15,0x9be7b0f285d04701f27682f591a60417c47d095a,ethereum,Bitkub,Bitkub Gas Supplier 1,Asia and Pacific
2025/6/16,0xb15bfc3c04a726dc6df1bd8d658e1a1e43a9af33,ethereum,Bitkub,Bitkub 12,Asia and Pacific
2023/9/12,0xb9c764114c5619a95d7f232594e3b8dddf95b9cf,ethereum,Bitkub,Bitkub 5,Asia and Pacific
2025/6/27,0xbb317c75f7ca98f830dd6f7eb1981852ebe6f839,ethereum,Bitkub,Bitkub 31,Asia and Pacific
2024/10/6,0xc488e4afec0414511d1518d8d6b8dc5f820fb92a,ethereum,Bitkub,Bitkub Gas Supplier 3,Asia and Pacific
2025/6/25,0xda4231ef1768176536eee3ec187315e60572bbd4,ethereum,Bitkub,Bitkub 24,Asia and Pacific
2023/9/12,0xdb044b8298e04d442fdbe5ce01b8cc8f77130e33,ethereum,Bitkub,Bitkub 1,Asia and Pacific
2025/6/27,0xdff73312bebe434f8258d623c9ce6de834abbcdd,ethereum,Bitkub,Bitkub 29,Asia and Pacific
2025/6/25,0xe24568d364a170b9d768af5aab2e9bfffe628faa,ethereum,Bitkub,Bitkub 16,Asia and Pacific
2025/6/27,0xf8d3188e8349de474a2b086976cda158b4e109db,ethereum,Bitkub,Bitkub 27,Asia and Pacific
2025/6/25,0xfc8044a7a0f1dd3bc00446a44e4c1f644bf93a67,ethereum,Bitkub,Bitkub 26,Asia and Pacific
2024/4/20,0x06051836ac6c5112b890f8b6ec78e33d1afeae7c,ethereum,CoinDCX,CoinDCX 28,Asia and Pacific
2024/4/20,0x1ce0c2827e2ef14d5c4f29a091d735a204794041,ethereum,CoinDCX,CoinDCX 38,Asia and Pacific
2024/4/20,0x2407b9b9662d970ece2224a0403d3b15c7e4d1fe,ethereum,CoinDCX,CoinDCX 43,Asia and Pacific
2024/4/20,0x274c427b1bf0bb4a137ede688c6d621263ca7ce8,ethereum,CoinDCX,CoinDCX 26,Asia and Pacific
2024/4/20,0x29a62a542b6ea441abb6f03c2bca54ad72ff750c,ethereum,CoinDCX,CoinDCX 27,Asia and Pacific
2023/4/7,0x2e5129e77c928d96b5a70c0effb97ee6e95d77b6,ethereum,CoinDCX,CoinDCX 1,Asia and Pacific
2023/4/7,0x3698cc7f524bade1a05e02910538f436a3e94384,ethereum,CoinDCX,CoinDCX 2,Asia and Pacific
2024/10/12,0x44a69d8443521969ffdc8a0721ad1013582d7097,ethereum,CoinDCX,CoinDCX Gas Supplier 4,Asia and Pacific
2023/4/7,0x4d24eececb86041f47bca41265319e9f06ae2fcb,ethereum,CoinDCX,CoinDCX 5,Asia and Pacific
2024/4/20,0x50b0063161e507bec6c21cc23fd11ec2945b7b52,ethereum,CoinDCX,CoinDCX 31,Asia and Pacific
2023/4/7,0x660e3bd3bcda11538fa331282666f1d001b87a42,ethereum,CoinDCX,CoinDCX 6,Asia and Pacific
2023/4/7,0x763104507945b6b7f21ee68b92048a53f7debf18,ethereum,CoinDCX,CoinDCX 7,Asia and Pacific
2023/4/7,0x78bba2389c2ceeb6f94c70ed133712e3b3e2c4d0,ethereum,CoinDCX,CoinDCX 8,Asia and Pacific
2023/4/7,0x881f982575a3ecbea6fe133ddb0951303215d130,ethereum,CoinDCX,CoinDCX 9,Asia and Pacific
2023/4/7,0x892787c947fdd1cf6c525c6107d80265d3d7ebb4,ethereum,CoinDCX,CoinDCX 10,Asia and Pacific
2023/4/7,0x8c7efd5b04331efc618e8006f19019a3dc88973e,ethereum,CoinDCX,CoinDCX 11,Asia and Pacific
2024/4/20,0x90f76616d34cb6a1f4423b33c0201b2a1980fc81,ethereum,CoinDCX,CoinDCX 41,Asia and Pacific
2023/4/7,0xa15b94629727152c952a6979d899f71426ce7976,ethereum,CoinDCX,CoinDCX 12,Asia and Pacific
2023/4/7,0xa4fe2f90a8991a410c825c983cbb6a92d03607fc,ethereum,CoinDCX,CoinDCX 13,Asia and Pacific
2023/4/7,0xa916a54af7553bae6172e510d067826bd204d0dd,ethereum,CoinDCX,CoinDCX 14,Asia and Pacific
2023/4/7,0xaa8bc1fc0fcfdca5b7e5d35e5ac13800850d90c7,ethereum,CoinDCX,CoinDCX 15,Asia and Pacific
2024/4/20,0xada1fa671651d335998c6a0de336a78f5b49ad3f,ethereum,CoinDCX,CoinDCX 34,Asia and Pacific
2023/4/7,0xb188a49da0836c289dcb4fa0e856647a33de537f,ethereum,CoinDCX,CoinDCX 19,Asia and Pacific
2023/4/7,0xb6dfcf39503dddde140105954a819e944ce543a7,ethereum,CoinDCX,CoinDCX 20,Asia and Pacific
2023/4/7,0xb79421720b92180487f71f13c5d5d8b9eca27bf1,ethereum,CoinDCX,CoinDCX 21,Asia and Pacific
2023/4/7,0xb85e9868a0e8492353db5c3022e6f96fc62f2306,ethereum,CoinDCX,CoinDCX 22,Asia and Pacific
2024/4/20,0xc1723af0dc5400a1caaa47e76a45c39538a6ad49,ethereum,CoinDCX,CoinDCX 37,Asia and Pacific
2024/10/6,0xc4e805208d8d25b71bdcfb558f29259544ec4fcc,ethereum,CoinDCX,CoinDCX Gas Supplier 1,Asia and Pacific
2023/4/7,0xccfa6f3b01c7bf07b033a9d496fdf22f0cdf5293,ethereum,CoinDCX,CoinDCX 16,Asia and Pacific
2024/4/20,0xd4d7aedb9abeec03101db6f8426deee390e3ccf9,ethereum,CoinDCX,CoinDCX 39,Asia and Pacific
2024/4/20,0xf250ee103b8e4c5b9825a270e5c70ea0c113c854,ethereum,CoinDCX,CoinDCX 40,Asia and Pacific
2023/4/7,0xf25d1d2507ce1f956f5bab45ad2341e3c0db6d3c,ethereum,CoinDCX,CoinDCX 18,Asia and Pacific
2023/4/7,0xf809c975efad2bc33e21b5972db765a6230e956a,ethereum,CoinDCX,CoinDCX 24,Asia and Pacific
2025/7/5,0x07a5601921806c07a7688018638e180375250dae,ethereum,Coincheck,Coincheck Intermediary 1,Asia and Pacific
2023/11/19,0x189b9cbd4aff470af2c0102f365fc1823d857965,ethereum,Coincheck,Coincheck Cold 1,Asia and Pacific
2024/2/20,0x8696e84ab5e78983f2456bcb5c199eea9648c8c2,ethereum,Coincheck,Coincheck Cold 2,Asia and Pacific
2023/11/19,0x9c19b0497997fe9e75862688a295168070456951,ethereum,Coincheck,Coincheck 1,Asia and Pacific
2023/11/19,0xd52814615dc129e1eea3520e7e7f8d44dbfc6c5b,ethereum,Coincheck,Coincheck 2,Asia and Pacific
2025/6/25,0x0304ba52422c8d23b3bf5f34029458a2cbea3e2a,ethereum,Coinhako,Coinhako 9,Asia and Pacific
2024/10/6,0x1562bd4f90eb997611b5d7579ab38e5a23acb33e,ethereum,Coinhako,Coinhako 7,Asia and Pacific
2024/10/6,0x19d97aa29cd33bd966d52e2bc9dfc719f2bb9ae1,ethereum,Coinhako,Coinhako Deployer,Asia and Pacific
2023/9/9,0x1d1bd550197c7c0787b9ad0aea9c1cca66ee0e90,ethereum,Coinhako,Coinhako 2,Asia and Pacific
2025/4/28,0x54a63836e920850f29eee0c98d1a2f851349451a,ethereum,Coinhako,Coinhako 8,Asia and Pacific
2025/4/28,0x6e965a153aafd74840f0415d09ea61f505c4cbe1,ethereum,Coinhako,Coinhako Gas Supplier 1,Asia and Pacific
2023/9/9,0xa193c943980a9340f306b3d59deb183dc501b35f,ethereum,Coinhako,Coinhako 3,Asia and Pacific
2024/5/27,0xbb44e3349c23cc430cae6ebbaf0256c9f2a1872f,ethereum,Coinhako,Coinhako 4,Asia and Pacific
2025/6/25,0xbfab6fa35e0e3dfee69c2176276a7d62130c4077,ethereum,Coinhako,Coinhako 10,Asia and Pacific
2022/8/28,0xd4bddf5e3d0435d7a6214a0b949c7bb58621f37c,ethereum,Coinhako,Coinhako 1,Asia and Pacific
2024/5/27,0xe66baa0b612003af308d78f066bbdb9a5e00ff6c,ethereum,Coinhako,Coinhako 5,Asia and Pacific
2022/8/28,0xf2d4766ad705e3a5c9ba5b0436b473085f82f82f,ethereum,Coinhako,Coinhako 6,Asia and Pacific
2025/7/31,0xf4e6deea1b4da85c2d68db8d771d37ec1148b853,ethereum,Coinhako,Coinhako 11,Asia and Pacific
2022/8/28,0x167a9333bf582556f35bd4d16a7e80e191aa6476,ethereum,Coinone,Coinone 1,Asia and Pacific
2024/5/26,0x1e2fcfd26d36183f1a5d90f0e6296915b02bcb40,ethereum,Coinone,Coinone 2,Asia and Pacific
2026/1/2,0x2968c66f14308673c12812febfa58cfe87c4e5a8,ethereum,Coinone,coinone1 kaia,Asia and Pacific
2025/5/4,0x35da6abcb08f2b6164fe380bb6c47bd8f2304d55,ethereum,Coinone,Coinone 3,Asia and Pacific
2023/11/24,0x7a1ba53c0e2d218df39e76e4efbf0455978cc23e,ethereum,Coinone,Coinone Gas Supplier 1,Asia and Pacific
2026/1/2,0xfa416ef420b553f6ad622cda922e9d195a8025df,ethereum,Coinone,coinone2 kaia,Asia and Pacific
2024/10/6,0x17ac1517c30d5cd7f065cb28c4703431bb69d47d,ethereum,Coins.ph,Coins.ph Gas Supplier 1,Asia and Pacific
2025/6/25,0x90da1773dbf9fee15486fbb0b8533c85ab34ecee,ethereum,Coins.ph,Coins.ph 2,Asia and Pacific
2025/6/25,0xd84b4436b6aba0fa348c5cf35b4682448e94724a,ethereum,Coins.ph,Coins.ph 3,Asia and Pacific
2024/1/4,0x5735fbac26bb21ca3c5228022cc382136038087c,ethereum,GDAC,GDAC 1,Asia and Pacific
2024/1/4,0x9f4745df0d6713b08323e0d39ab4cef6891c11e1,ethereum,GDAC,GDAC 2,Asia and Pacific
2023/11/23,0x52b4567c37b48d51198b25caa6e79e4fda6d9734,ethereum,GMO Coin,GMO Coin 5,Asia and Pacific
2023/11/23,0x85c0d1110c57a329ccd6cc91e50fb4666f2287c3,ethereum,GMO Coin,GMO Coin 4,Asia and Pacific
2023/11/23,0x86e284421664840cb65c5b918da59c01ed8fa666,ethereum,GMO Coin,GMO Coin 3,Asia and Pacific
2023/11/23,0x976b251ab62371d6d154ef5989f5fa11452fb260,ethereum,GMO Coin,GMO Coin 8,Asia and Pacific
2023/11/23,0x9c4fa4ee466dff080adccb12d39b99e83cdb1077,ethereum,GMO Coin,GMO Coin 1,Asia and Pacific
2023/11/23,0xa8eba6da3801489093c0299529ac79fc16c59b6d,ethereum,GMO Coin,GMO Coin 7,Asia and Pacific
2023/11/23,0xb77c64a1fd89d57e0f26e1a5c0a4d5934ad84350,ethereum,GMO Coin,GMO Coin 6,Asia and Pacific
2023/11/23,0xc39bdf685f289b1f261ee9b0b1b2bf9eae4c1980,ethereum,GMO Coin,GMO Coin 2,Asia and Pacific
2023/11/23,0xe89943ec20d856f064a87349a00ef6ab00aed042,ethereum,GMO Coin,GMO Coin 9,Asia and Pacific
2023/11/23,0xe978d95b437d75826aba2ed1a0bdb534f173e28c,ethereum,GMO Coin,GMO Coin 10,Asia and Pacific
2023/9/9,0x2331f22f1701d79bf102a66672ab4293db1bf72f,ethereum,GOPAX,GOPAX 1,Asia and Pacific
2023/11/23,0x6707a6763c6dc64de7c4048a27b6303292f88f50,ethereum,GOPAX,GOPAX WBTC DAO Member 1,Asia and Pacific
2023/9/9,0x84c609976c73c38cdd36895cc998e1ac95734e4e,ethereum,GOPAX,GOPAX 2,Asia and Pacific
2023/9/9,0xe3031c1bfaa7825813c562cbdcc69d96fcad2087,ethereum,GOPAX,GOPAX WBTC Merchant Address,Asia and Pacific
2025/7/31,0xf3aa1c53030d3fbf5b9d28f94d51bded37bdcf40,ethereum,GOPAX,GOPAX 3,Asia and Pacific
2025/5/4,0x3a4d84e64fa6bb51f1eebc8741d33b0663b5a5ef,ethereum,Indodax,Indodax 6,Asia and Pacific
2024/5/4,0x3c02290922a3618a4646e3bbca65853ea45fe7c6,ethereum,Indodax,Indodax 5,Asia and Pacific
2022/8/28,0x51836a753e344257b361519e948ffcaf5fb8d521,ethereum,Indodax,Indodax 1,Asia and Pacific
2025/8/1,0x7b8ffa4fe43d1b476cff9d0787fc0019ca54e421,ethereum,Indodax,Indodax 11,Asia and Pacific
2025/6/27,0x8a02ca5a49bf432452b5b5772f57ffc136dcca12,ethereum,Indodax,Indodax 9,Asia and Pacific
2023/11/23,0x8ab399cbb9fdb9a36518a7e7eddf89158e56c595,ethereum,Indodax,Indodax 3,Asia and Pacific
2025/6/16,0x91dca37856240e5e1906222ec79278b16420dc92,ethereum,Indodax,Indodax 8,Asia and Pacific
2024/1/10,0x9554efa1669014c25070bc23c2df262825704228,ethereum,Indodax,Indodax 4,Asia and Pacific
2022/8/28,0x9cbadd5ce7e14742f70414a6dcbd4e7bb8712719,ethereum,Indodax,Indodax 2,Asia and Pacific
2025/6/14,0xaba3002ab1597433ba79abc48eead54dc10a45f2,ethereum,Indodax,Indodax 7,Asia and Pacific
2025/7/31,0xf077b0289016cdc8a9ae8196705a37f1aefa5091,ethereum,Indodax,Indodax 10,Asia and Pacific
2023/4/6,0x0c01089aedc45ab0f43467cceca6b4d3e4170bea,ethereum,Korbit,Korbit 1,Asia and Pacific
2023/4/6,0x2864de013415b6c2c7a96333183b20f0f9cc7532,ethereum,Korbit,Korbit 2,Asia and Pacific
2025/6/27,0x2d386ad07d45ae4d3497be2d7881c74ca1932f83,ethereum,Korbit,Korbit 23,Asia and Pacific
2024/5/4,0x33de12b5cf336692c6b7cfd3aaf779425067f21c,ethereum,Korbit,Korbit 9,Asia and Pacific
2025/6/27,0x34296db8da4ddd088a09f228b23270238e08b1be,ethereum,Korbit,Korbit 22,Asia and Pacific
2025/6/25,0x373f269ec33f53865ffca45e127151527d0f7060,ethereum,Korbit,Korbit 21,Asia and Pacific
2024/12/12,0x3a70c2528265f0624e7ac8495b212a367b5b61b2,ethereum,Korbit,Korbit 13,Asia and Pacific
2024/12/12,0x455ae9f6d25fd49ed7be9f3d8dd1cf58a79a5958,ethereum,Korbit,Korbit 15,Asia and Pacific
2025/8/1,0x466294fed9060355b295b419cb86000fe1406e07,ethereum,Korbit,Korbit 31,Asia and Pacific
2025/6/27,0x4bef5b67350a222f94cbf306b3cd758c45e94973,ethereum,Korbit,Korbit 25,Asia and Pacific
2024/12/12,0x5bd811987ee931ac85ed0eda8871282f9c5c88a4,ethereum,Korbit,Korbit 14,Asia and Pacific
2025/6/25,0x7580ba923c01783115d79975d6a41b3d38eff8d5,ethereum,Korbit,Korbit 20,Asia and Pacific
2025/7/31,0x75fddbf107ce88ba66ed7fd8182ee6c3a39e9420,ethereum,Korbit,Korbit 29,Asia and Pacific
2025/5/5,0x79a5262eda15995a2ea624277b243070fb945be5,ethereum,Korbit,Korbit 17,Asia and Pacific
2025/5/5,0x8477c637bab24782b5cc9d42fadc194dc128d4fa,ethereum,Korbit,Korbit 16,Asia and Pacific
2023/4/6,0x8550e644d74536f1df38b17d5f69aa1bfe28ae86,ethereum,Korbit,Korbit 3,Asia and Pacific
2025/6/27,0x8a7e7a63b401293c4be78769750622b2a6f33494,ethereum,Korbit,Korbit 24,Asia and Pacific
2025/6/27,0x8b15eb5ea0a405da4d82f26d9197fad62ef7405a,ethereum,Korbit,Korbit 26,Asia and Pacific
2024/10/6,0x8e2040ab7a6af6bba67e6d9b280c6fea7f930c87,ethereum,Korbit,Korbit 12,Asia and Pacific
2025/7/31,0x8fc6c3805d0bc6bdaff265f091ab52b48a8dd874,ethereum,Korbit,Korbit 30,Asia and Pacific
2025/6/16,0xb7580490a51d3f48d451ba5f2dd79a835d266015,ethereum,Korbit,Korbit 18,Asia and Pacific
2025/6/27,0xb99324f3b1c5b1df9079da475c2b815b64ca2050,ethereum,Korbit,Korbit 28,Asia and Pacific
2025/6/25,0xc63beb7a137473d043a1d9a3d3b3c298f6985c97,ethereum,Korbit,Korbit 19,Asia and Pacific
2023/4/6,0xd03be958e6b8da2d28ac8231a2291d6e4f0a7ea7,ethereum,Korbit,Korbit 4,Asia and Pacific
2024/10/6,0xd17e26529e5fca53901f65f1a914317877cab08a,ethereum,Korbit,Korbit Gas Supplier 1,Asia and Pacific
2024/4/20,0xd6e0f7da4480b3ad7a2c8b31bc5a19325355ca15,ethereum,Korbit,Korbit 7,Asia and Pacific
2025/8/1,0xd6e383b231d2534c7606512b3f7495557fc607e2,ethereum,Korbit,Korbit 32,Asia and Pacific
2024/10/6,0xd77f7f8868f20835fdfc8c7e851f6f23ce9f651d,ethereum,Korbit,Korbit Gas Supplier 2,Asia and Pacific
2026/1/2,0xd9fc5fa552f2d17eb541c07a68095125b15afe7f,ethereum,Korbit,korbit1 kaia,Asia and Pacific
2023/4/6,0xe5d7ccc5fc3b3216c4dff3a59442f1d83038468c,ethereum,Korbit,Korbit 5,Asia and Pacific
2023/4/6,0xe83a48cae4d7120e8ba1c2e0409568ffba532e87,ethereum,Korbit,Korbit 6,Asia and Pacific
2024/4/20,0xf0bc8fddb1f358cef470d63f96ae65b1d7914953,ethereum,Korbit,Korbit 8,Asia and Pacific
2024/5/4,0xf6230e7e98d2bbebf96d14888020e9c3e8c27d69,ethereum,Korbit,Korbit 10,Asia and Pacific
2025/6/27,0xfd9785b1148c6550e065a189d702560c67950d54,ethereum,Korbit,Korbit 27,Asia and Pacific
2022/8/28,0x477b8d5ef7c2c42db84deb555419cd817c336b6f,ethereum,MaiCoin,MaiCoin 1,Asia and Pacific
2024/10/6,0x986aac49d38cea193e56df1a114894f8f25333ee,ethereum,MaiCoin,MaiCoin Gas Supplier 1,Asia and Pacific
2023/4/6,0x0068eb681ec52dbd9944517d785727310b494575,ethereum,Tokocrypto,Tokocrypto 1,Asia and Pacific
2023/11/23,0x7d8dd9a8be1c3eee9101ffb77c3bf0e89cbe74ba,ethereum,Tokocrypto,Tokocrypto Mint 1,Asia and Pacific
2023/11/23,0x9a2f5556e9a637e8fbce886d8e3cf8b316a1d8a2,ethereum,Tokocrypto,Tokocrypto 3,Asia and Pacific
2023/11/23,0xef136c9bea3e397ffed3cd8ad12511a7421116a0,ethereum,Tokocrypto,Tokocrypto Treasury 1,Asia and Pacific
2025/6/25,0x00d7f2709c7b305a64b8e49a476fead84d159366,ethereum,Upbit,Upbit 20,Asia and Pacific
2023/9/9,0x03747f06215b44e498831da019b27f53e483599f,ethereum,Upbit,Upbit 5,Asia and Pacific
2025/6/15,0x0bd71dc11edef3207a6f74b7cfbae5b8713f3f43,ethereum,Upbit,Upbit 13,Asia and Pacific
2023/9/9,0x1938a448d105d26c40a52a1bfe99b8ca7a745ad0,ethereum,Upbit,Upbit 4,Asia and Pacific
2025/6/15,0x1c1a7ce2b24db65c0b6747d616fdffbacffc3132,ethereum,Upbit,Upbit 9,Asia and Pacific
2025/7/31,0x1d791f12bb6808dc08ab365e2ec8913273c00193,ethereum,Upbit,Upbit 22,Asia and Pacific
2025/6/15,0x33966c7445cbb26999b73a2427d97f8d06f6b3e4,ethereum,Upbit,Upbit 17,Asia and Pacific
2025/7/31,0x377b8ce04761754e8ac153b47805a9cf6b190873,ethereum,Upbit,Upbit 23,Asia and Pacific
2022/8/28,0x390de26d772d2e2005c6d1d24afc902bae37a4bb,ethereum,Upbit,Upbit 1,Asia and Pacific
2025/6/15,0x39275f5ccaf27bdbf40059926d42c6a09a03f40a,ethereum,Upbit,Upbit 10,Asia and Pacific
2023/1/10,0x4f01001cf69785d4c37f03fd87398849411ccbba,ethereum,Upbit,Upbit Wallet Factory Contract,Asia and Pacific
2025/6/15,0x52c6e1ddbbc132c7d10eec5d0d8bf5c4d0617f6e,ethereum,Upbit,Upbit 8,Asia and Pacific
2025/6/15,0x54014ce170a7f1ba3d937b4e1b1638ba82be41f1,ethereum,Upbit,Upbit 16,Asia and Pacific
2025/6/25,0x5c3f261290e02ba328af0dcfe2586dba61a358ec,ethereum,Upbit,Upbit 19,Asia and Pacific
2022/8/28,0x5e032243d507c743b061ef021e2ec7fcc6d3ab89,ethereum,Upbit,Upbit 3,Asia and Pacific
2025/6/14,0x5fbe6f686cccbf2a978926d135448ede0b71bb41,ethereum,Upbit,Upbit 6,Asia and Pacific
2025/6/15,0x8c266cf2e163443b1d6b183321e7f166f92579ba,ethereum,Upbit,Upbit 7,Asia and Pacific
2025/6/15,0x8dbcab4f83643f324e09769ff93f733f0af074b9,ethereum,Upbit,Upbit 14,Asia and Pacific
2025/6/15,0x9653785c2d902d4837e82387fc5b1a22b953d429,ethereum,Upbit,Upbit 12,Asia and Pacific
2025/6/25,0xab2109ad7f82bffe7c3cab3fda25e4799c28ea5b,ethereum,Upbit,Upbit 18,Asia and Pacific
2025/6/15,0xade85038d52eedebd46af89df6d606012ce3ec69,ethereum,Upbit,Upbit 11,Asia and Pacific
2022/8/28,0xba826fec90cefdf6706858e5fbafcb27a290fbe0,ethereum,Upbit,Upbit 2,Asia and Pacific
2025/6/15,0xbdf51daa5529b40f9b5c37b66f61275e58f04532,ethereum,Upbit,Upbit 15,Asia and Pacific
2022/8/28,0xc9cf0ec93d764f5c9571fd12f764bae7fc87c84e,ethereum,Upbit,Upbit Cold Wallet,Asia and Pacific
2025/6/25,0x0389776e4d48384160cd5acde2f61ab9359e757e,ethereum,WazirX,WazirX 6,Asia and Pacific
2023/11/17,0x0e293a9e57d22f6ec575b376e3e3bd8e642fd5fc,ethereum,WazirX,WazirX 1,Asia and Pacific
2025/6/25,0x196eeecf1a247ed7cadfb39a3125a321f8642aad,ethereum,WazirX,WazirX 7,Asia and Pacific
2023/11/23,0x1b9509aeb1fbb605868d21caf2eeb6ac8351264d,ethereum,WazirX,WazirX 4,Asia and Pacific
2023/11/17,0x27fd43babfbe83a81d14665b1a6fb8030a60c9b4,ethereum,WazirX,WazirX 2,Asia and Pacific
2025/6/25,0x305dcaea67a9d4152e54e68060c89db05fd67a7b,ethereum,WazirX,WazirX 5,Asia and Pacific
2023/11/17,0x618ffd1cdabee36ce5992a857cc7463f21272bd7,ethereum,WazirX,WazirX Withdrawals,Asia and Pacific
2023/11/23,0x7aeb3314e041153c4f6bbea19abecbce20946fd4,ethereum,WazirX,WazirX Gas Supplier 1,Asia and Pacific
2023/11/17,0x7db77e4c967c95a5a9e2ec57ec21788dab481893,ethereum,WazirX,WazirX Binance Deposit 1,Asia and Pacific
2023/11/17,0xfa54b4085811aef6acf47d51b05fda188deae28b,ethereum,WazirX,WazirX Deployer,Asia and Pacific
2025/6/27,0x2e9db1a176426062a546dbe7877e8a381f9a4171,ethereum,Anycoin Direct,Anycoin Direct Gas Supplier 1,Europe
2024/10/6,0x3eebbebecde31d36d6aa7aa4fe2a06159119b659,ethereum,Anycoin Direct,Anycoin Direct 2,Europe
2023/9/9,0x5b31bb52bdd7006ae57f9d9506c0ff995229b63c,ethereum,Anycoin Direct,Anycoin Direct 1,Europe
2025/7/31,0x0529ea5885702715e83923c59746ae8734c553b7,ethereum,Bitpanda,Bitpanda 16,Europe
2024/5/4,0x3da452fd6947bea2735c5eaea04f1c22587cb5b2,ethereum,Bitpanda,Bitpanda Deployer 1,Europe
2025/6/25,0x58b61277cffd1e9124f106381bad5e2627e8b008,ethereum,Bitpanda,Bitpanda 13,Europe
2023/11/23,0x7071f121c038a98f8a7d485648a27fcd48891ba8,ethereum,Bitpanda,Bitpanda 2,Europe
2023/11/23,0x74dec05e5b894b0efec69cdf6316971802a2f9a1,ethereum,Bitpanda,Bitpanda 1,Europe
2024/5/4,0x8cfa2d9047ca6573219c252e345506de5e9da5d9,ethereum,Bitpanda,Bitpanda 7,Europe
2025/6/25,0x951167530afa60bea983e5da28014b1faa607964,ethereum,Bitpanda,Bitpanda 12,Europe
2025/6/25,0xb0485c670b9463531d7731ff282976b546b631b7,ethereum,Bitpanda,Bitpanda 11,Europe
2024/5/4,0xb10edd6fa6067dba8d4326f1c8f0d1c791594f13,ethereum,Bitpanda,Bitpanda 5,Europe
2024/5/4,0xb8cbbf78c7ad1cdf4ca0e111b35491f3bfe027ac,ethereum,Bitpanda,Bitpanda 6,Europe
2025/7/31,0xc89b84a9bb8f6ac0a8c3a87e7c398039ba0e343e,ethereum,Bitpanda,Bitpanda 14,Europe
2025/4/28,0xd123af31290072c03dbacedccd167c2317f3216f,ethereum,Bitpanda,Bitpanda Deployer 2,Europe
2025/6/25,0xe3257c3bfe933610ed409fac95820943e9709a5c,ethereum,Bitpanda,Bitpanda 8,Europe
2024/5/4,0xf197c6f2ac14d25ee2789a73e4847732c7f16bc9,ethereum,Bitpanda,Bitpanda 4,Europe
2024/5/4,0xf32682d5f99ba4143532618d6f516859a055ea06,ethereum,Bitpanda,Bitpanda 3,Europe
2025/7/31,0xf3f765246359be1be5394c6e54e59cb2def54b50,ethereum,Bitpanda,Bitpanda 15,Europe
2023/11/17,0x04a6b67fac93e507d2642f129f5cb8ad474f9823,ethereum,Bitvavo,Bitvavo 1,Europe
2023/11/17,0x079a892628ebf28d0ed8f00151cff225a093dc63,ethereum,Bitvavo,Bitvavo 19,Europe
2023/11/17,0x1a1c87d9a6f55d3bbb064bff1059ad37b6bdc097,ethereum,Bitvavo,Bitvavo Gas Supplier 1,Europe
2023/11/17,0x2586db422ec15d5999b50c43be219756c46bb0bd,ethereum,Bitvavo,Bitvavo 5,Europe
2023/11/17,0x2f1752e8b49c6e7391dc6e55934ceedc7abf18f7,ethereum,Bitvavo,Bitvavo 3,Europe
2025/6/25,0x48eca43db3a3ca192a5fb9b20f4fc4d96017af0f,ethereum,Bitvavo,Bitvavo 27,Europe
2025/6/14,0x4fca851027b52ddcc7bbfad327a31287a00026e7,ethereum,Bitvavo,Bitvavo 23,Europe
2025/7/31,0x6840da33628ffa364954da277cee955b14324fad,ethereum,Bitvavo,Bitvavo Coinbase Prime Custody 5,Europe
2025/7/31,0x70e1fc72de740a9353bd9c4674af192f40a24540,ethereum,Bitvavo,Bitvavo Coinbase Prime Custody 6,Europe
2023/11/17,0x75f594083de65ff173eb7ce505aa26332fe389f5,ethereum,Bitvavo,Bitvavo 2,Europe
2025/6/15,0x7c3869e8c192532f0a11d5c8f46c2ccd82ce383b,ethereum,Bitvavo,Bitvavo Coinbase Prime Custody 3,Europe
2023/11/17,0x87eab4f119113e0e5920288936ad94c307b4849a,ethereum,Bitvavo,Bitvavo 9,Europe
2023/11/17,0x95b564f3b3bae3f206aa418667ba000afafacc8a,ethereum,Bitvavo,Bitvavo 20,Europe
2023/11/17,0x9d5db4b86afd9fe80720ca0f5637d6b790ce5bcb,ethereum,Bitvavo,Bitvavo 12,Europe
2024/3/13,0xab782bc7d4a2b306825de5a7730034f8f63ee1bc,ethereum,Bitvavo,Bitvavo 21,Europe
2025/6/15,0xaf6344e0c8796d89df343fb9f8ab22358c7f5db2,ethereum,Bitvavo,Bitvavo Coinbase Prime Custody 1,Europe
2025/6/14,0xb2170202b050f0549b9d9733f8258bc917346f98,ethereum,Bitvavo,Bitvavo 24,Europe
2023/11/17,0xb2c9ffdbe4b4bbb6aa2951390506c39be6998751,ethereum,Bitvavo,Bitvavo 7,Europe
2025/6/15,0xb67aee8b7e516e4de71b54e6acbb5f351efe1598,ethereum,Bitvavo,Bitvavo Coinbase Prime Custody 2,Europe
2025/6/25,0xb986599310f6fe1da49a6d263e58ec28ff428e1c,ethereum,Bitvavo,Bitvavo 26,Europe
2025/5/4,0xc1082d75e4a4f1e8dd425b1d541904e758a3a3e4,ethereum,Bitvavo,Bitvavo 16,Europe
2023/11/17,0xc15dc0b4223b05588a257e48ed129fb59c6eb7e3,ethereum,Bitvavo,Bitvavo 13,Europe
2025/6/15,0xc2d9688d6dd886b55721a58a3a9926c8c1975afc,ethereum,Bitvavo,Bitvavo Coinbase Prime Custody 4,Europe
2023/11/17,0xc8e0ef05b7f250fc63702fbdada6972afdcae8c2,ethereum,Bitvavo,Bitvavo 10,Europe
2023/11/17,0xcc9febe81eabc8e1b0dcc29dec2bdc70def9180f,ethereum,Bitvavo,Bitvavo 6,Europe
2023/11/17,0xccf8594f833fe5ebbf0e72fda51f9fb291b39a57,ethereum,Bitvavo,Bitvavo 8,Europe
2024/8/13,0xd2674da94285660c9b2353131bef2d8211369a4b,ethereum,Bitvavo,Bitvavo 15,Europe
2025/5/5,0xd43990f7ab8edca4689c177e9d40c5d763999988,ethereum,Bitvavo,Bitvavo 17,Europe
2025/6/25,0xd5ff5fb2a7b64d4b1d1a7c59eea2a81dccd140fe,ethereum,Bitvavo,Bitvavo 25,Europe
2025/6/25,0xd908d55d627e490667da8aa31c7433ffd6f460de,ethereum,Bitvavo,Bitvavo 28,Europe
2023/11/17,0xdd25ca203c060213eaffe59e37101a01dac463c1,ethereum,Bitvavo,Bitvavo 11,Europe
2023/11/17,0xdf07bcb647ca70bd8e78b51d898777426c6d121a,ethereum,Bitvavo,Bitvavo 4,Europe
2023/11/17,0xedc6bacdc1e29d7c5fa6f6eca6fdd447b9c487c9,ethereum,Bitvavo,Bitvavo 18,Europe
2025/6/25,0xee797909a7ed196255d8c8c18a292b091680fe7a,ethereum,Bitvavo,Bitvavo 29,Europe
2025/6/14,0xf0d76d3b9042e7b01e647c9c24573b7d3ff8d650,ethereum,Bitvavo,Bitvavo 22,Europe
2025/6/25,0xfa5358d7fa71322b2f9828100f9c5ddf91348d04,ethereum,Bitvavo,Bitvavo 31,Europe
2023/11/23,0x16769e533352798deb664ba570230a758346ca1a,ethereum,BtcTurk,BtcTurk 9,Europe
2023/11/23,0x1c17622cfa9b6fd2043a76dfc39a5b5a109aa708,ethereum,BtcTurk,BtcTurk 3,Europe
2024/6/3,0x2ee555c9006a9dc4674f01e0d4dfc58e013708f0,ethereum,BtcTurk,BtcTurk 10,Europe
2023/11/23,0x46f80018211d5cbbc988e853a8683501fca4ee9b,ethereum,BtcTurk,BtcTurk 13,Europe
2025/7/31,0x528e909cf72fcf835ece5bfd00c4a6126d485461,ethereum,BtcTurk,BtcTurk 18,Europe
2023/11/23,0x628a6fe299589b4b5a67d4b43ccdcb4821b3d80c,ethereum,BtcTurk,BtcTurk 5,Europe
2025/6/25,0x76ec5a0d3632b2133d9f1980903305b62678fbd3,ethereum,BtcTurk,BtcTurk 14,Europe
2023/11/23,0x832f166799a407275500430b61b622f0058f15d6,ethereum,BtcTurk,BtcTurk 1,Europe
2023/11/23,0x8c54ebdd960056d2cff5998df5695daca1fc0190,ethereum,BtcTurk,BtcTurk 7,Europe
2023/11/23,0x9fcafcca8aec0367abb35fbd161c241f7b79891b,ethereum,BtcTurk,BtcTurk Deprecated 1,Europe
2023/11/23,0xb02f1329d6a6acef07a763258f8509c2847a0a3e,ethereum,BtcTurk,BtcTurk 2,Europe
2025/6/25,0xb2b80fd6e8135ca7d38143bfb60fb8ba0712b4a6,ethereum,BtcTurk,BtcTurk 17,Europe
2025/7/31,0xb5a46bc8b76fd2825aeb43db9c9e89e89158ecde,ethereum,BtcTurk,BtcTurk 19,Europe
2025/6/25,0xc37962d62497aa750a94fcb481dfa6d9803b019c,ethereum,BtcTurk,BtcTurk 15,Europe
2024/10/14,0xde0f5f79dffd1e8daa6051bd960aefb964d9845f,ethereum,BtcTurk,BtcTurk 11,Europe
2025/5/4,0xde2faca4bbc0aca08ff04d387c39b6f6325bf82a,ethereum,BtcTurk,BtcTurk 12,Europe
2023/11/23,0x0bc7b31bf8ffac8213e496102167fe73fc30937a,ethereum,Coinmetro,Coinmetro 6,Europe
2022/8/28,0x165fe6a10812faa49515522d685a27c6bf12dba9,ethereum,Coinmetro,Coinmetro Vault Feb 2021,Europe
2023/11/23,0x1e7b450322e42b53d55abc795913537fd680fe0c,ethereum,Coinmetro,Coinmetro 5,Europe
2023/11/23,0x46a189c7f37953b91e5bd75d0e608efdafefaf1c,ethereum,Coinmetro,Coinmetro 4,Europe
2023/11/23,0x4cf2220105995f006813923019f02be1ccca8132,ethereum,Coinmetro,Coinmetro 2,Europe
2023/11/23,0x706ee6cf36a4bf95ec7fe5d468571b9e9e63fbb6,ethereum,Coinmetro,Coinmetro 3,Europe
2022/8/28,0x7c1c73bf60feb40cbcf0f12324200238ee23bb54,ethereum,Coinmetro,Coinmetro MultiSig,Europe
2022/8/28,0xa270f3ad1a7a82e6a3157f12a900f1e25bc4fbfd,ethereum,Coinmetro,Coinmetro 1,Europe
2022/8/28,0xbac7c449689a2d3c51c386d8e657338c41ab3030,ethereum,Coinmetro,Coinmetro Treasury,Europe
2022/8/28,0xdd06b66c76d9c6fdc41935a7b32566c646325005,ethereum,Coinmetro,Coinmetro XCM Utility Vault,Europe
2022/8/28,0xf3e35734b7413f87c2054a16ce04230d803e4dc3,ethereum,Coinmetro,Coinmetro Vault Aug 2020,Europe
2022/8/28,0xfad672dc92c2d2db0aa093331bd1098e30249ab8,ethereum,Coinmetro,Coinmetro Vault Feb 2020,Europe
2025/6/25,0x0db79bbb99defc2356d82848a459a5a13869eb3f,ethereum,EXMO,EXMO 10,Europe
2025/6/25,0x12227dfe5363cbe55919e230653810de0ff317e2,ethereum,EXMO,EXMO 8,Europe
2023/11/23,0x147a95fa1cceccc20b341824952106cb0ee1eded,ethereum,EXMO,EXMO 6,Europe
2023/9/12,0x1fd6267f0d86f62d88172b998390afee2a1f54b6,ethereum,EXMO,EXMO 5,Europe
2025/6/25,0x3caec6f54993526c9e2744a4fa54a19b90a3bd87,ethereum,EXMO,EXMO 11,Europe
2023/11/23,0x495a7e55daf85d5c098a2ad5ba9a46312329d63c,ethereum,EXMO,EXMO 7,Europe
2025/6/25,0x71944d613fdbef00ef1d79154f276c3f09fe3d2c,ethereum,EXMO,EXMO 9,Europe
2023/9/12,0xb36cbe7f95a39984384e6aa4068b02c1697ef80e,ethereum,EXMO,EXMO 3,Europe
2025/6/25,0xb70e68b65e69822e90e2b9a40000ca9cc2a5f05f,ethereum,EXMO,EXMO 12,Europe
2023/9/12,0xc179fbddc946694d11185d4e15dbba5fd0adac0a,ethereum,EXMO,EXMO 2,Europe
2023/9/12,0xd7b9a9b2f665849c4071ad5af77d8c76aa30fb32,ethereum,EXMO,EXMO 1,Europe
2025/8/1,0xf51c4c6672add72588b521b02c10687bdecff5c9,ethereum,EXMO,EXMO 13,Europe
2023/9/12,0xfff52a282c215aed0c4c71786d85519bbcc86464,ethereum,EXMO,EXMO 4,Europe
2023/4/6,0x66a0be112efe2cc3bc2f09fa2acaaf9f593b0265,ethereum,Firi,Firi 1,Europe
2023/4/6,0xa6f617f873684ed062c9df281145250b3e4ee2d2,ethereum,Firi,Firi 2,Europe
2023/11/22,0x052ed0ad68ffc470386fdab82f7046e0b55fd663,ethereum,Norwegian Block Exchange,Norwegian Block Exchange 4,Europe
2023/11/22,0x0d019414ac7dd7e8262ae7dc9efcc6bde050b0dd,ethereum,Norwegian Block Exchange,Norwegian Block Exchange 6,Europe
2024/6/3,0x0d075ccd8fe8c5c8e28a308f66422db3456eb9cc,ethereum,Norwegian Block Exchange,Norwegian Block Exchange 7,Europe
2023/4/7,0x29af949c3d218c1133bd16257ed029e92defb168,ethereum,Norwegian Block Exchange,Norwegian Block Exchange 1,Europe
2023/4/7,0x8cad96fb23924ebc37b8cdafa8400ad856fe4a2c,ethereum,Norwegian Block Exchange,Norwegian Block Exchange 2,Europe
2023/4/7,0xaeb81c391ac427b6443310ff1cb73a21e071e5ad,ethereum,Norwegian Block Exchange,Norwegian Block Exchange 3,Europe
2023/11/22,0xfaccb74832546a745aab8dbd2d155dc67a222048,ethereum,Norwegian Block Exchange,Norwegian Block Exchange 5,Europe
2024/10/6,0x04d9199d397ed9b0c497ad9bbc10f0e0047dd3b7,ethereum,Paribu,Paribu Gas Supplier 2,Europe
2022/8/28,0x2bb97b6cf6ffe53576032c11711d59bd056830ee,ethereum,Paribu,Paribu 2,Europe
2025/6/25,0x496b40804f6b63e84454437b177baa73fdf3fafc,ethereum,Paribu,Paribu 11,Europe
2023/11/20,0x595063172c85b1e8ac2fe74fcb6b7dc26844cc2d,ethereum,Paribu,Paribu 6,Europe
2024/10/6,0x64440d8a6e6f949536646c363a4b734819eedbfd,ethereum,Paribu,Paribu 8,Europe
2022/8/28,0x9acbb72cf67103a30333a32cd203459c6a9c3311,ethereum,Paribu,Paribu 5,Europe
2023/11/22,0x9bc5a1d65cb56288c0d110ce2da3d0afb3f573cd,ethereum,Paribu,Paribu Gas Supplier 1,Europe
2025/7/31,0xa23cbcdfafd09de2ce793d0a08f51865885be3f5,ethereum,Paribu,Paribu 15,Europe
2022/8/28,0xabc74170f3cb8ab352820c39cc1d1e05ce9e41d3,ethereum,Paribu,Paribu 4,Europe
2022/8/28,0xbd8ef191caa1571e8ad4619ae894e07a75de0c35,ethereum,Paribu,Paribu 1,Europe
2025/6/25,0xc3681709ee476308b45812eabe0eb22f3b816880,ethereum,Paribu,Paribu 14,Europe
2024/10/6,0xc6da94ca4cdbe74b777b53e42470f676c44b9ab6,ethereum,Paribu,Paribu 9,Europe
2023/11/20,0xc86562c1e08cac700f0ddb33eb5a148ec1227d62,ethereum,Paribu,Paribu 7,Europe
2025/8/1,0xd1680a710a9f51d1ba2aa78534685b7e7d08570a,ethereum,Paribu,Paribu 16,Europe
2025/6/25,0xfb4816b2f573c9358c13f9102c071cdb5fca428d,ethereum,Paribu,Paribu 13,Europe
2022/8/28,0xfb90501083a3b6af766c8da35d3dde01eb0d2a68,ethereum,Paribu,Paribu 3,Europe
2024/6/3,0x0a52368d5a7e70d8c927f75ea6618c2c468031d4,ethereum,SwissBorg,SwissBorg 15,Europe
2024/4/20,0x11444c6389a26c8e41d7fd5cafbfcc511303b7d3,ethereum,SwissBorg,SwissBorg 11,Europe
2024/4/20,0x22bf0a4c4eff418b3306abfee20813d0b6e8dc74,ethereum,SwissBorg,SwissBorg 12,Europe
2023/11/23,0x2e8c1131be1a839b375ac3ed1ba061df3d87cbfd,ethereum,SwissBorg,SwissBorg Gas Supplier 5,Europe
2023/4/6,0x42b86a269fb3d5368d880c519badaba77ec00130,ethereum,SwissBorg,SwissBorg 4,Europe
2023/11/23,0x43fda7708c97c4c40d5402c6392f0457f23c0b8e,ethereum,SwissBorg,SwissBorg Gas Supplier 1,Europe
2023/4/6,0x5770815b0c2a09a43c9e5aecb7e2f3886075b605,ethereum,SwissBorg,SwissBorg 1,Europe
2023/4/6,0x5cedc1923c33b253aedf24bf038eee6cbbb68a6a,ethereum,SwissBorg,SwissBorg 3,Europe
2024/10/6,0x61488b940e5796b0d4ff096a441ebc48b8eac6de,ethereum,SwissBorg,SwissBorg 16,Europe
2024/4/20,0x67fe3293fc4e877f3cdc3f0ed93721a600f72bde,ethereum,SwissBorg,SwissBorg 13,Europe
2023/11/23,0x691e3cbb2a8f504fc650f21c9af6226051340559,ethereum,SwissBorg,SwissBorg 10,Europe
2023/4/6,0x6cf9aa65ebad7028536e353393630e2340ca6049,ethereum,SwissBorg,SwissBorg 7,Europe
2023/4/6,0x7153d2ef9f14a6b1bb2ed822745f65e58d836c3f,ethereum,SwissBorg,SwissBorg 8,Europe
2023/4/6,0x87cbc48075d7aa1760ac71c41e8bc289b6a31f56,ethereum,SwissBorg,SwissBorg 5,Europe
2023/4/6,0x94596096320a6b4eab43556ad1ed8c4c3d51c9aa,ethereum,SwissBorg,SwissBorg 2,Europe
2023/11/19,0xa03d3611b34c3c49dbcb8206ed08fe6467f684a5,ethereum,SwissBorg,SwissBorg 9,Europe
2023/11/23,0xa5546c4bc006d23b60d690d3033b8df40cecc230,ethereum,SwissBorg,SwissBorg Gas Supplier 2,Europe
2023/4/6,0xcde4c1b984f3f02f997ecff9980b06316de2577d,ethereum,SwissBorg,SwissBorg 6,Europe
2023/11/23,0xcdf2bfd0ff20811c98471b331db19aabf3d3b972,ethereum,SwissBorg,SwissBorg Gas Supplier 3,Europe
2023/11/23,0xd0c3647cb16460a230b4aa93f3723823aa17c943,ethereum,SwissBorg,SwissBorg Gas Supplier 4,Europe
2024/4/20,0xff4606bd3884554cdbdabd9b6e25e2fad4f6fc54,ethereum,SwissBorg,SwissBorg 14,Europe
2025/4/28,0x10f76b23ec27d4d7faa53de69c79d0788933601e,ethereum,Bitso,Bitso 5,Latin America and Caribbean
2024/5/4,0x20beea119e70255a8c36e4009c94aedb1f8b8eea,ethereum,Bitso,Bitso 3,Latin America and Caribbean
2023/9/12,0x29d5527caa78f1946a409fa6acaf14a0a4a0274b,ethereum,Bitso,Bitso 2,Latin America and Caribbean
2023/9/12,0x58b704065b7aff3ed351052f8560019e05925023,ethereum,Bitso,Bitso 1,Latin America and Caribbean
2025/6/25,0x6d3714d6571be317887d8c7d6e7187930d354975,ethereum,Bitso,Bitso 8,Latin America and Caribbean
2024/6/3,0xa01aa2196724a39290f465b3925e5dcafe7f2256,ethereum,Bitso,Bitso 4,Latin America and Caribbean
2025/5/4,0xb8d2b921c0ea0ca27266fa63907a079ef25084d0,ethereum,Bitso,Bitso 6,Latin America and Caribbean
2025/6/25,0xd73026b0494d25427f3d1a7743babe1bddf8a035,ethereum,Bitso,Bitso 7,Latin America and Caribbean
2025/6/25,0xe3ecd65cf2ad2eba2aa2be1d0894753b2172abd1,ethereum,Bitso,Bitso 9,Latin America and Caribbean
2025/4/28,0xf24c621e5108607f4ec60e9c4f91719a76c7b3c9,ethereum,Bitso,Bitso Deployer 1,Latin America and Caribbean
2024/10/6,0xf9d2d8d90b4b35aada5aed2f46fcd15da0608b4e,ethereum,Bitso,Bitso Gas Supplier 1,Latin America and Caribbean
2025/8/19,0x04c079bb31deed8391015eed8d6b625a40957058,ethereum,Brasil Bitcoin,Brasil Bitcoin 1,Latin America and Caribbean
2023/9/12,0x4c8f52106d72da5e090bc08fb4d8063f3d591beb,ethereum,C-Patex,C-Patex 1,Latin America and Caribbean
2025/8/19,0x02a78632215262a94ce8651846e7d22adc98ce3c,ethereum,Lemon Cash,Lemon Cash 8,Latin America and Caribbean
2025/8/19,0x203a53957d04a8a7df0951d1af510b2062b5b125,ethereum,Lemon Cash,Lemon Cash 7,Latin America and Caribbean
2024/1/4,0x20bb82f2db6ff52b42c60ce79cde4c7094ce133f,ethereum,Lemon Cash,Lemon Cash 1,Latin America and Caribbean
2025/8/19,0x67f432dd3182bb9d45532e572703d884b0f8eab6,ethereum,Lemon Cash,Lemon Cash 6,Latin America and Caribbean
2025/8/19,0xc1da33e8d60daf4f93a52357a57a076f44c45759,ethereum,Lemon Cash,Lemon Cash 5,Latin America and Caribbean
2025/8/19,0xcb93a5880f9d9e855aa08b1ce3211ae06539463d,ethereum,Lemon Cash,Lemon Cash 4,Latin America and Caribbean
2025/8/19,0xda496f2e9e78e357c34323b1ce0dcb6a2860129f,ethereum,Lemon Cash,Lemon Cash 3,Latin America and Caribbean
2025/5/4,0x13cef1478ef9a2773acdf53505d064c69e3014c6,ethereum,Mercado Bitcoin,Mercado Bitcoin 3,Latin America and Caribbean
2025/8/1,0x75fbd58ba18c80955bbb4c9fd46b83dc6bb68980,ethereum,Mercado Bitcoin,Mercado Bitcoin 4,Latin America and Caribbean
2023/11/23,0x8ce13c17b9c9cae9193538dc2a64ca7be07e2c00,ethereum,Mercado Bitcoin,Mercado Bitcoin 2,Latin America and Caribbean
2023/11/23,0xb8ba36e591facee901ffd3d5d82df491551ad7ef,ethereum,Mercado Bitcoin,Mercado Bitcoin 1,Latin America and Caribbean
2024/1/4,0xafda8eba0ac933661f45b41a438840dc07df1761,ethereum,Orionx,Orionx 1,Latin America and Caribbean
2022/8/28,0xb709d82f0706476457ae6bad7c3534fbf424382c,ethereum,Panda Exchange,Panda Exchange Hot Wallet 2,Latin America and Caribbean
2022/8/28,0xcacc694840ecebadd9b4c419e5b7f1d73fedf999,ethereum,Panda Exchange,Panda Exchange Hot Wallet 1,Latin America and Caribbean
2023/11/22,0x21d45650db732ce5df77685d6021d7d5d1da807f,ethereum,Binance US,Binance US 5,North America
2023/4/6,0x34ea4138580435b5a521e460035edb19df1938c1,ethereum,Binance US,Binance US 2,North America
2023/11/22,0x43c5b1c2be8ef194a509cf93eb1ab3dbd07b97ed,ethereum,Binance US,Binance US 4,North America
2022/8/28,0x61189da79177950a7272c88c6058b96d4bcd6be2,ethereum,Binance US,Binance US 1,North America
2025/7/5,0x70d5ccc14a1a264c05ff48b3ec6751b0959541aa,ethereum,Binance US,Binance US ETH Staking 1,North America
2024/5/25,0x9223c017a39d4806d1d92c15046ae28c32c6d8e7,ethereum,Binance US,Binance US 7,North America
2025/7/5,0xa74e8ae2f83d2564af25420ad4d6a7fe224b053f,ethereum,Binance US,Binance US 9,North America
2024/10/6,0xb650b0b1f183d59343da753d94c068bfea92693d,ethereum,Binance US,Binance US Gas Supplier 2,North America
2024/10/6,0xd5c08681719445a5fdce2bda98b341a49050d821,ethereum,Binance US,Binance US 8,North America
2023/4/6,0xf60c2ea62edbfe808163751dd0d8693dcb30019c,ethereum,Binance US,Binance US 3,North America
2025/7/31,0xffd22b84fb1d46ef74ed6530b2635be61340f347,ethereum,Binance US,Binance US ETH Staking 2,North America
2023/11/24,0xe9bdb4219706914441178bc8357e8551b53d8cbf,ethereum,Bitbuy,Bitbuy MultiSig 1,North America
2023/4/7,0x02fdc44bf226e49dceca4775afaef3360e9c4ee9,ethereum,Coinsquare,Coinsquare 1,North America
2023/4/7,0x0fcff154753e337983613889b69dd85fe8a1a145,ethereum,Coinsquare,Coinsquare 2,North America
2024/10/6,0x2f671a39613861ec17ad35de44f4f84e3d4c69f4,ethereum,Coinsquare,Coinsquare 25,North America
2023/4/7,0x3858a27eecb5f1144473e35a293cb1b2bda6dff4,ethereum,Coinsquare,Coinsquare 4,North America
2023/4/7,0x476b067cbff8acb805038e9daef5d51c7612d593,ethereum,Coinsquare,Coinsquare 5,North America
2023/4/7,0x48a0b5f7de8789a3962918c6df4a766c0c8857b0,ethereum,Coinsquare,Coinsquare 6,North America
2023/4/7,0x56e89a4b2e3924c336d52ce0ad98ff23e1a51627,ethereum,Coinsquare,Coinsquare 7,North America
2023/4/7,0x6a73f209d25cc9c089170cc5b54962e0c7614e0c,ethereum,Coinsquare,Coinsquare 8,North America
2023/4/7,0x6d712f120bd65ad54a5f56670976788a044cb987,ethereum,Coinsquare,Coinsquare 9,North America
2023/4/7,0x7061d86a274b398a1fb7cdb74b3abbc7601e105f,ethereum,Coinsquare,Coinsquare 10,North America
2023/4/7,0x7ee87dd5bb9924cb85ca2916bd4e04299d3a8ecc,ethereum,Coinsquare,Coinsquare 11,North America
2023/4/7,0x82be7cfef05b70c4af47f8fd70f636201121341b,ethereum,Coinsquare,Coinsquare 12,North America
2023/4/7,0x8623c08a4b880799cf65e75137ec9759db336637,ethereum,Coinsquare,Coinsquare 13,North America
2023/4/7,0x89813b57ae92e74fb808eb7639d3a0050c9b3d7d,ethereum,Coinsquare,Coinsquare 14,North America
2023/4/7,0x8e080c5d233f2a14a37d024c0382bf0585146993,ethereum,Coinsquare,Coinsquare 15,North America
2023/4/7,0x910695e5c7c14499b554fb132a9710988a42fc38,ethereum,Coinsquare,Coinsquare 16,North America
2024/5/4,0x91adf14f4c0782634e04dfc6e9be16d950aa4daa,ethereum,Coinsquare,Coinsquare 24,North America
2023/4/7,0x9c6d4a1922eed56ee9de148c5ba9b1b477fecbb6,ethereum,Coinsquare,Coinsquare 17,North America
2023/4/7,0xc4d75abab14ef006d5ac9fe901a8ed616c4e2627,ethereum,Coinsquare,Coinsquare 18,North America
2023/4/7,0xd093f2ee92cf32b4d3ebefd965447415074dd6c8,ethereum,Coinsquare,Coinsquare 21,North America
2025/6/27,0xd2e9d994a1c3f217656db51ecaac3ca7cfd9d42e,ethereum,Coinsquare,Coinsquare Gas Supplier 1,North America
2023/4/7,0xd381347ee757f53ae4b3b6822daec3e2a14b2005,ethereum,Coinsquare,Coinsquare 19,North America
2023/4/7,0xd5b2c371808018ee131ad387877c4d58e08e7a06,ethereum,Coinsquare,Coinsquare 20,North America
2023/4/7,0xf9c91937737ccafe9bbb662b1917b54f9606ca13,ethereum,Coinsquare,Coinsquare 22,North America
2023/4/7,0xfac596facd1901458c1c6347397a6e5d0769736c,ethereum,Coinsquare,Coinsquare 23,North America
2024/1/4,0x404460039499c774c48248552f802ce5dd482e32,ethereum,Netcoins,Netcoins 1,North America
2024/1/4,0xba20996529d2722c4d9d800a7b20e96a0a235336,ethereum,Netcoins,Netcoins MultiSig 1,North America
2024/6/3,0xe3743d1bf4bdc86bf1faac0ffe325a23cf495ad7,ethereum,Netcoins,Netcoins 2,North America
2023/9/9,0x027beefcbad782faf69fad12dee97ed894c68549,ethereum,QuadrigaCX,QuadrigaCX 1,North America
2023/9/9,0x0ee4e2d09aec35bdf08083b649033ac0a41aa75e,ethereum,QuadrigaCX,QuadrigaCX 3,North America
2024/5/27,0x1e143b2588705dfea63a17f2032ca123df995ce0,ethereum,QuadrigaCX,QuadrigaCX 5,North America
2024/5/27,0x5b5b69f4e0add2df5d2176d7dbd20b4897bc7ec4,ethereum,QuadrigaCX,QuadrigaCX 4,North America
2023/9/9,0xb6aac3b56ff818496b747ea57fcbe42a9aae6218,ethereum,QuadrigaCX,QuadrigaCX 2,North America
2023/11/17,0x000f422887ea7d370ff31173fd3b46c8f66a5b1c,ethereum,Shakepay,Shakepay 2,North America
2023/11/17,0x3b794929566e3ba0f25e4263e1987828b5c87161,ethereum,Shakepay,Shakepay 4,North America
2023/11/17,0x4d846da8257bb0ebd164eff513dff0f0c2c3c0ba,ethereum,Shakepay,Shakepay 3,North America
2024/5/4,0x5eae73d4d24b2922fe614d4f58018b34a7e20a83,ethereum,Shakepay,Shakepay 5,North America
2024/10/6,0x88dcdd4a0a58b7e2208805d547043c37dca2b6dc,ethereum,Shakepay,Shakepay 6,North America
2023/11/17,0x912fd21d7a69678227fe6d08c64222db41477ba0,ethereum,Shakepay,Shakepay 1,North America
2025/7/31,0x94b18793b93b524b110fead408b955422b982fa4,ethereum,Shakepay,Shakepay 7,North America
